P0,P1,P2,val0,val1,val2
-35.0,-15.0,-35.0,0.563902437687,0.296539664268,0.661803424358
-35.0,-15.0,-30.0,0.494587749243,0.262156516314,0.669281065464
-35.0,-15.0,-25.0,0.501221716404,0.259585171938,0.672112286091
-35.0,-15.0,-20.0,0.531651496887,0.256575942039,0.722407639027
-35.0,-15.0,-15.0,0.569935560226,0.227584689856,0.743278026581
-35.0,-15.0,-10.0,0.563521027565,0.236309230328,0.745421290398
-35.0,-15.0,-5.0,0.553826212883,0.209422320127,0.786507606506
-35.0,-10.0,-35.0,0.608144283295,0.339504539967,0.679751813412
-35.0,-5.0,-35.0,0.565220534801,0.29211306572,0.70035725832
-35.0,-10.0,-30.0,0.552317738533,0.274057984352,0.679896593094
-35.0,-10.0,-25.0,0.524807035923,0.283255696297,0.679130852222
-35.0,-5.0,-30.0,0.508535027504,0.262995660305,0.6882558465
-35.0,-5.0,-25.0,0.515915870667,0.29942163825,0.669484615326
-35.0,-10.0,-20.0,0.560631752014,0.293389827013,0.727229595184
-35.0,-10.0,-15.0,0.518345713615,0.302668452263,0.700722873211
-35.0,-5.0,-20.0,0.502120494843,0.309215605259,0.672138690948
-35.0,-5.0,-15.0,0.522331237793,0.318411171436,0.650424361229
-35.0,-10.0,-10.0,0.505998373032,0.254958540201,0.679921269417
-35.0,-10.0,-5.0,0.544589936733,0.245965123177,0.718662142754
-35.0,-5.0,-10.0,0.464955806732,0.286965072155,0.647968053818
-35.0,-5.0,-5.0,0.511744201183,0.276394575834,0.697780370712
-30.0,-15.0,-35.0,0.509935498238,0.266270458698,0.716006159782
-25.0,-15.0,-35.0,0.527748823166,0.265086352825,0.726610958576
-30.0,-15.0,-30.0,0.473179936409,0.24916484952,0.700628101826
-30.0,-15.0,-25.0,0.485200017691,0.273177623749,0.692446649075
-25.0,-15.0,-30.0,0.488328248262,0.266260743141,0.712010025978
-25.0,-15.0,-25.0,0.518438458443,0.243722259998,0.700696110725
-30.0,-15.0,-20.0,0.533622145653,0.23803588748,0.766663193703
-30.0,-15.0,-15.0,0.591062068939,0.210514813662,0.740587115288
-25.0,-15.0,-20.0,0.555817365646,0.236066758633,0.718495965004
-25.0,-15.0,-15.0,0.587714672089,0.181652188301,0.744915962219
-30.0,-15.0,-10.0,0.582576215267,0.194400042295,0.764484167099
-30.0,-15.0,-5.0,0.544438183308,0.152905166149,0.775382578373
-25.0,-15.0,-10.0,0.602015435696,0.202915132046,0.789716482162
-25.0,-15.0,-5.0,0.572429001331,0.177830457687,0.799741387367
-30.0,-10.0,-35.0,0.561708390713,0.299378305674,0.749852776527
-30.0,-5.0,-35.0,0.530372262001,0.259119927883,0.716072380543
-25.0,-10.0,-35.0,0.518090724945,0.257870733738,0.732505083084
-25.0,-5.0,-35.0,0.535429656506,0.296244591475,0.733332514763
-30.0,-10.0,-30.0,0.536658704281,0.241935104132,0.719313681126
-30.0,-10.0,-25.0,0.497214078903,0.278790235519,0.703956604004
-30.0,-5.0,-30.0,0.48997053504,0.266395866871,0.703033328056
-30.0,-5.0,-25.0,0.484919130802,0.300415426493,0.678715348244
-25.0,-10.0,-30.0,0.48465564847,0.255383849144,0.699033021927
-25.0,-10.0,-25.0,0.475405931473,0.27612003684,0.658041894436
-25.0,-5.0,-30.0,0.473955750465,0.296163827181,0.694042921066
-25.0,-5.0,-25.0,0.484883338213,0.263983607292,0.658739447594
-30.0,-10.0,-20.0,0.534980654716,0.277492046356,0.683018505573
-30.0,-10.0,-15.0,0.569704174995,0.253692626953,0.680463433266
-30.0,-5.0,-20.0,0.528544068336,0.301945388317,0.649485111237
-30.0,-5.0,-15.0,0.519635021687,0.305243998766,0.663333296776
-25.0,-10.0,-20.0,0.510291874409,0.233231246471,0.662222027779
-25.0,-10.0,-15.0,0.570992946625,0.239161550999,0.702180027962
-25.0,-5.0,-20.0,0.538138628006,0.301624745131,0.623940169811
-25.0,-5.0,-15.0,0.524981558323,0.290920048952,0.643095016479
-30.0,-10.0,-10.0,0.591657042503,0.21516212821,0.719673454762
-30.0,-10.0,-5.0,0.573539674282,0.2093270123,0.715315759182
-30.0,-5.0,-10.0,0.490359485149,0.247989535332,0.692398548126
-30.0,-5.0,-5.0,0.510059177876,0.261615931988,0.695490896702
-25.0,-10.0,-10.0,0.579366207123,0.217982530594,0.740347266197
-25.0,-10.0,-5.0,0.562483549118,0.220119267702,0.732822358608
-25.0,-5.0,-10.0,0.499000251293,0.250852942467,0.692370772362
-25.0,-5.0,-5.0,0.502256929874,0.291027665138,0.721195936203
-20.0,-15.0,-35.0,0.553445756435,0.275144279003,0.741805613041
-15.0,-15.0,-35.0,0.535461723804,0.282789736986,0.730057239532
-20.0,-15.0,-30.0,0.567884325981,0.284196853638,0.714842617512
-20.0,-15.0,-25.0,0.540634691715,0.27667504549,0.707486271858
-15.0,-15.0,-30.0,0.570301830769,0.27849727869,0.707156717777
-15.0,-15.0,-25.0,0.555820345879,0.274673700333,0.736780166626
-20.0,-15.0,-20.0,0.554752647877,0.257851362228,0.753820180893
-20.0,-15.0,-15.0,0.561676681042,0.211112648249,0.747606992722
-15.0,-15.0,-20.0,0.530775487423,0.272095143795,0.739221572876
-15.0,-15.0,-15.0,0.560399770737,0.256233870983,0.77234184742
-20.0,-15.0,-10.0,0.608382761478,0.200734704733,0.798445940018
-20.0,-15.0,-5.0,0.567810416222,0.167231112719,0.805379986763
-15.0,-15.0,-10.0,0.617198288441,0.222806453705,0.832354307175
-15.0,-15.0,-5.0,0.560041487217,0.146129906178,0.77914917469
-20.0,-10.0,-35.0,0.502509057522,0.27137196064,0.757597208023
-20.0,-5.0,-35.0,0.492410838604,0.294785022736,0.735236287117
-15.0,-10.0,-35.0,0.501726329327,0.307363331318,0.698274374008
-15.0,-5.0,-35.0,0.481486648321,0.330586701632,0.709133684635
-20.0,-10.0,-30.0,0.495807737112,0.293341636658,0.708763420582
-20.0,-10.0,-25.0,0.527577877045,0.318788707256,0.673262655735
-20.0,-5.0,-30.0,0.473706424236,0.323687851429,0.725203216076
-20.0,-5.0,-25.0,0.4873303473,0.306943386793,0.690627872944
-15.0,-10.0,-30.0,0.545815289021,0.315851658583,0.704831004143
-15.0,-10.0,-25.0,0.538521528244,0.288588821888,0.670243024826
-15.0,-5.0,-30.0,0.478249520063,0.333132386208,0.67910182476
-15.0,-5.0,-25.0,0.507850170135,0.309727340937,0.681241631508
-20.0,-10.0,-20.0,0.542403995991,0.271405696869,0.712219238281
-20.0,-10.0,-15.0,0.53476858139,0.272094190121,0.689586520195
-20.0,-5.0,-20.0,0.554388701916,0.290567815304,0.68502509594
-20.0,-5.0,-15.0,0.530851602554,0.274619102478,0.655521869659
-15.0,-10.0,-20.0,0.535430192947,0.267499238253,0.697962999344
-15.0,-10.0,-15.0,0.492193937302,0.277628868818,0.708769023418
-15.0,-5.0,-20.0,0.551575183868,0.299611866474,0.732395768166
-15.0,-5.0,-15.0,0.499022394419,0.269134640694,0.712146401405
-20.0,-10.0,-10.0,0.545374393463,0.214044243097,0.718030154705
-20.0,-10.0,-5.0,0.557248592377,0.215294718742,0.753458619118
-20.0,-5.0,-10.0,0.531730532646,0.261806368828,0.688776791096
-20.0,-5.0,-5.0,0.511371552944,0.28100258112,0.70413929224
-15.0,-10.0,-10.0,0.55522942543,0.222581028938,0.731298565865
-15.0,-10.0,-5.0,0.573284089565,0.182914167643,0.762322664261
-15.0,-5.0,-10.0,0.524576961994,0.282173097134,0.679406404495
-15.0,-5.0,-5.0,0.550212919712,0.237778544426,0.697205722332
-10.0,-15.0,-35.0,0.492898494005,0.27664244175,0.709479153156
-5.0,-15.0,-35.0,0.511837601662,0.296248316765,0.728861510754
-10.0,-15.0,-30.0,0.556074380875,0.310580223799,0.688973009586
-10.0,-15.0,-25.0,0.569604754448,0.26314663887,0.717017948627
-5.0,-15.0,-30.0,0.54497140646,0.299584567547,0.713193058968
-5.0,-15.0,-25.0,0.551488339901,0.276512026787,0.739448606968
-10.0,-15.0,-20.0,0.54927700758,0.282313406467,0.70869076252
-10.0,-15.0,-15.0,0.519431173801,0.267455160618,0.733376681805
-5.0,-15.0,-20.0,0.535453498363,0.264810621738,0.730561554432
-5.0,-15.0,-15.0,0.534727156162,0.311393618584,0.758627176285
-10.0,-15.0,-10.0,0.558219492435,0.286588907242,0.790759325027
-10.0,-15.0,-5.0,0.563585221767,0.218248069286,0.749446511269
-5.0,-15.0,-10.0,0.483753532171,0.297938346863,0.761573433876
-5.0,-15.0,-5.0,0.490628868341,0.298165500164,0.744990468025
-10.0,-10.0,-35.0,0.445660710335,0.299816906452,0.653772950172
-10.0,-5.0,-35.0,0.444180011749,0.344240397215,0.639416754246
-5.0,-10.0,-35.0,0.465957045555,0.29010233283,0.694101393223
-5.0,-5.0,-35.0,0.458931952715,0.319571912289,0.672803580761
-10.0,-10.0,-30.0,0.518318891525,0.356821388006,0.719292104244
-10.0,-10.0,-25.0,0.53283983469,0.285519719124,0.704292535782
-10.0,-5.0,-30.0,0.434403479099,0.360194087029,0.639718770981
-10.0,-5.0,-25.0,0.458352714777,0.304300904274,0.65527009964
-5.0,-10.0,-30.0,0.509783327579,0.330837488174,0.73233050108
-5.0,-10.0,-25.0,0.516680717468,0.269227743149,0.764207243919
-5.0,-5.0,-30.0,0.423167586327,0.369100183249,0.706130743027
-5.0,-5.0,-25.0,0.483584374189,0.311033904552,0.678722679615
-10.0,-10.0,-20.0,0.560700714588,0.283315002918,0.6878464818
-10.0,-10.0,-15.0,0.531850039959,0.286222934723,0.732501089573
-10.0,-5.0,-20.0,0.505830943584,0.284337162971,0.712872266769
-10.0,-5.0,-15.0,0.49161067605,0.299586713314,0.698486745358
-5.0,-10.0,-20.0,0.531824886799,0.287455111742,0.705178976059
-5.0,-10.0,-15.0,0.527184188366,0.303662955761,0.704956412315
-5.0,-5.0,-20.0,0.47835791111,0.302731275558,0.691337943077
-5.0,-5.0,-15.0,0.504042565823,0.331562638283,0.668806672096
-10.0,-10.0,-10.0,0.53996938467,0.255170762539,0.74597132206
-10.0,-10.0,-5.0,0.580865383148,0.249806910753,0.772565960884
-10.0,-5.0,-10.0,0.530189096928,0.290282845497,0.672713756561
-10.0,-5.0,-5.0,0.542088866234,0.264716088772,0.71049118042
-5.0,-10.0,-10.0,0.513757288456,0.282224535942,0.744105279446
-5.0,-10.0,-5.0,0.532277941704,0.29434710741,0.7454007864
-5.0,-5.0,-10.0,0.526608347893,0.301607549191,0.685568273067
-5.0,-5.0,-5.0,0.527631878853,0.291962206364,0.706026673317
-35.0,-15.0,0.0,0.529023766518,0.236593186855,0.760891735554
-35.0,-15.0,5.0,0.522358596325,0.237542688847,0.717266201973
-35.0,-15.0,10.0,0.51647490263,0.281161993742,0.672895789146
-35.0,-15.0,15.0,0.49117153883,0.311945617199,0.694399237633
-35.0,-15.0,20.0,0.443744003773,0.319413363934,0.666880011559
-35.0,-15.0,25.0,0.467221021652,0.344111979008,0.64869582653
-35.0,-15.0,30.0,0.521781146526,0.428637981415,0.692983448505
-35.0,-15.0,35.0,0.505956351757,0.44707468152,0.623060286045
-35.0,-10.0,0.0,0.521070361137,0.255981653929,0.733277082443
-35.0,-10.0,5.0,0.504894018173,0.244657337666,0.724101662636
-35.0,-5.0,0.0,0.475210398436,0.284074723721,0.719546198845
-35.0,-5.0,5.0,0.448217064142,0.276332736015,0.712498128414
-35.0,-10.0,10.0,0.462510019541,0.250256031752,0.671377837658
-35.0,-10.0,15.0,0.444965839386,0.304678499699,0.67239689827
-35.0,-5.0,10.0,0.468740224838,0.297557860613,0.650748968124
-35.0,-5.0,15.0,0.459878951311,0.366312205791,0.637080729008
-35.0,-10.0,20.0,0.464444667101,0.338343203068,0.636954605579
-35.0,-10.0,25.0,0.51454359293,0.373653292656,0.615370512009
-35.0,-5.0,20.0,0.476310491562,0.395775735378,0.60933226347
-35.0,-5.0,25.0,0.493282258511,0.432885289192,0.539637386799
-35.0,-10.0,30.0,0.527236461639,0.432534426451,0.597020983696
-35.0,-10.0,35.0,0.490553826094,0.464102834463,0.574195086956
-35.0,-5.0,30.0,0.494750440121,0.436789631844,0.510760486126
-35.0,-5.0,35.0,0.535847783089,0.430282920599,0.58417737484
-30.0,-15.0,0.0,0.524666309357,0.186889380217,0.780430555344
-30.0,-15.0,5.0,0.511830031872,0.270048677921,0.713393390179
-25.0,-15.0,0.0,0.563050031662,0.165398716927,0.793414235115
-25.0,-15.0,5.0,0.543174266815,0.235634893179,0.73653626442
-30.0,-15.0,10.0,0.524603903294,0.25784021616,0.702655851841
-30.0,-15.0,15.0,0.502718150616,0.275481522083,0.689144253731
-25.0,-15.0,10.0,0.519458651543,0.274470448494,0.694683432579
-25.0,-15.0,15.0,0.465597003698,0.284528434277,0.674948215485
-30.0,-15.0,20.0,0.489874124527,0.334960252047,0.619904100895
-30.0,-15.0,25.0,0.499531239271,0.395735621452,0.598804473877
-25.0,-15.0,20.0,0.499797284603,0.321328818798,0.631395757198
-25.0,-15.0,25.0,0.528368711472,0.376842707396,0.608013510704
-30.0,-15.0,30.0,0.509796023369,0.424910247326,0.615984261036
-30.0,-15.0,35.0,0.499134153128,0.452876359224,0.557906746864
-25.0,-15.0,30.0,0.527219712734,0.395398378372,0.579812824726
-25.0,-15.0,35.0,0.525761544704,0.413832187653,0.575398206711
-30.0,-10.0,0.0,0.540317237377,0.232670873404,0.725830554962
-30.0,-10.0,5.0,0.507488787174,0.256715536118,0.738548457623
-30.0,-5.0,0.0,0.469961941242,0.284684300423,0.724110722542
-30.0,-5.0,5.0,0.487107664347,0.306163221598,0.704277455807
-25.0,-10.0,0.0,0.546949625015,0.216771572828,0.713348388672
-25.0,-10.0,5.0,0.527588248253,0.250633537769,0.721085190773
-25.0,-5.0,0.0,0.511758387089,0.281897425652,0.714723229408
-25.0,-5.0,5.0,0.531304180622,0.302348077297,0.7053784132
-30.0,-10.0,10.0,0.490267604589,0.2857221663,0.691475868225
-30.0,-10.0,15.0,0.483038455248,0.29813605547,0.658598065376
-30.0,-5.0,10.0,0.486744642258,0.339416414499,0.637294769287
-30.0,-5.0,15.0,0.429614365101,0.364652097225,0.574660539627
-25.0,-10.0,10.0,0.501333594322,0.308703124523,0.704905509949
-25.0,-10.0,15.0,0.51317602396,0.34846252203,0.696564257145
-25.0,-5.0,10.0,0.481511384249,0.353690028191,0.657589197159
-25.0,-5.0,15.0,0.481258064508,0.396462023258,0.625147104263
-30.0,-10.0,20.0,0.468293577433,0.316273093224,0.633384048939
-30.0,-10.0,25.0,0.526732683182,0.403625071049,0.571781635284
-30.0,-5.0,20.0,0.46808090806,0.36120146513,0.592572331429
-30.0,-5.0,25.0,0.525088727474,0.395632088184,0.545021355152
-25.0,-10.0,20.0,0.527578115463,0.378513038158,0.638033151627
-25.0,-10.0,25.0,0.511049568653,0.400799542665,0.555424034595
-25.0,-5.0,20.0,0.511331558228,0.362586408854,0.604185581207
-25.0,-5.0,25.0,0.515066862106,0.383917242289,0.529888629913
-30.0,-10.0,30.0,0.553159415722,0.423344790936,0.575274944305
-30.0,-10.0,35.0,0.461025178432,0.466365396976,0.555115580559
-30.0,-5.0,30.0,0.496157705784,0.384467422962,0.523809790611
-30.0,-5.0,35.0,0.500182807446,0.416164577007,0.532598614693
-25.0,-10.0,30.0,0.556041002274,0.399336516857,0.557896912098
-25.0,-10.0,35.0,0.556324720383,0.416035413742,0.551692008972
-25.0,-5.0,30.0,0.537145674229,0.381860822439,0.50722271204
-25.0,-5.0,35.0,0.539819955826,0.388833403587,0.507380306721
-20.0,-15.0,0.0,0.557054162025,0.13407227397,0.770422935486
-20.0,-15.0,5.0,0.550481259823,0.246693283319,0.718632340431
-15.0,-15.0,0.0,0.538828015327,0.204325199127,0.716794133186
-15.0,-15.0,5.0,0.502095937729,0.293407052755,0.690766990185
-20.0,-15.0,10.0,0.506741642952,0.311751276255,0.676016449928
-20.0,-15.0,15.0,0.465425133705,0.335041552782,0.678410708904
-15.0,-15.0,10.0,0.523088991642,0.307237029076,0.667092084885
-15.0,-15.0,15.0,0.496073335409,0.352504700422,0.646084070206
-20.0,-15.0,20.0,0.514781534672,0.364766418934,0.644743859768
-20.0,-15.0,25.0,0.507350802422,0.366050392389,0.605213105679
-15.0,-15.0,20.0,0.497991830111,0.397495120764,0.619048058987
-15.0,-15.0,25.0,0.506073594093,0.38787356019,0.597778439522
-20.0,-15.0,30.0,0.516569137573,0.417656421661,0.585190057755
-20.0,-15.0,35.0,0.552007377148,0.43968012929,0.57436299324
-15.0,-15.0,30.0,0.536351978779,0.38465821743,0.565270721912
-15.0,-15.0,35.0,0.588753700256,0.393170207739,0.563442409039
-20.0,-10.0,0.0,0.541016578674,0.20903468132,0.751007795334
-20.0,-10.0,5.0,0.517924427986,0.259505867958,0.672986388206
-20.0,-5.0,0.0,0.511867940426,0.262238442898,0.707152485847
-20.0,-5.0,5.0,0.488001585007,0.274567872286,0.669720888138
-15.0,-10.0,0.0,0.521055519581,0.220441818237,0.772129654884
-15.0,-10.0,5.0,0.532667636871,0.284833937883,0.684514522552
-15.0,-5.0,0.0,0.528757989407,0.257874071598,0.700963616371
-15.0,-5.0,5.0,0.499003529549,0.303546369076,0.665183782578
-20.0,-10.0,10.0,0.479436516762,0.333181917667,0.673478782177
-20.0,-10.0,15.0,0.512169897556,0.381898373365,0.683024048805
-20.0,-5.0,10.0,0.470894992352,0.357198774815,0.621574282646
-20.0,-5.0,15.0,0.491591155529,0.420735031366,0.608896017075
-15.0,-10.0,10.0,0.51579362154,0.308235943317,0.644371211529
-15.0,-10.0,15.0,0.509035348892,0.393447726965,0.61984539032
-15.0,-5.0,10.0,0.493702620268,0.350719809532,0.601289391518
-15.0,-5.0,15.0,0.539794385433,0.421740591526,0.552239656448
-20.0,-10.0,20.0,0.547040343285,0.40199637413,0.626360118389
-20.0,-10.0,25.0,0.520809173584,0.34771502018,0.569094002247
-20.0,-5.0,20.0,0.526385903358,0.411934673786,0.59732323885
-20.0,-5.0,25.0,0.526566147804,0.374693095684,0.51612341404
-15.0,-10.0,20.0,0.495374172926,0.40664973855,0.5610678792
-15.0,-10.0,25.0,0.509752452374,0.371536999941,0.537517488003
-15.0,-5.0,20.0,0.527938783169,0.39824450016,0.540880203247
-15.0,-5.0,25.0,0.520212292671,0.405160874128,0.477805584669
-20.0,-10.0,30.0,0.553034961224,0.384710639715,0.554764807224
-20.0,-10.0,35.0,0.611306726933,0.403590530157,0.539657354355
-20.0,-5.0,30.0,0.57256102562,0.384814500809,0.494848847389
-20.0,-5.0,35.0,0.576716184616,0.413992404938,0.506970524788
-15.0,-10.0,30.0,0.54751521349,0.391638845205,0.527017891407
-15.0,-10.0,35.0,0.572905778885,0.430137813091,0.54448133707
-15.0,-5.0,30.0,0.564329981804,0.437338411808,0.449563860893
-15.0,-5.0,35.0,0.567218482494,0.464362829924,0.477517217398
-10.0,-15.0,0.0,0.538856267929,0.246774762869,0.708793282509
-10.0,-15.0,5.0,0.552052497864,0.313019961119,0.691636562347
-5.0,-15.0,0.0,0.52007740736,0.231147438288,0.680501282215
-5.0,-15.0,5.0,0.524126648903,0.31643897295,0.670081615448
-10.0,-15.0,10.0,0.520341038704,0.31815558672,0.652131259441
-10.0,-15.0,15.0,0.459033489227,0.397859096527,0.62124723196
-5.0,-15.0,10.0,0.516779065132,0.367074728012,0.620518386364
-5.0,-15.0,15.0,0.491618812084,0.404559493065,0.584263265133
-10.0,-15.0,20.0,0.464144051075,0.410659134388,0.56827133894
-10.0,-15.0,25.0,0.503561913967,0.427429884672,0.527336835861
-5.0,-15.0,20.0,0.518132448196,0.428770720959,0.526484310627
-5.0,-15.0,25.0,0.540147006512,0.419214874506,0.489592552185
-10.0,-15.0,30.0,0.547049760818,0.424613177776,0.492587298155
-10.0,-15.0,35.0,0.596562802792,0.401315420866,0.486933559179
-5.0,-15.0,30.0,0.600146830082,0.45326089859,0.460876941681
-5.0,-15.0,35.0,0.635390520096,0.413993358612,0.49646371603
-10.0,-10.0,0.0,0.532695055008,0.229095965624,0.717695653439
-10.0,-10.0,5.0,0.52945291996,0.307543069124,0.669947504997
-10.0,-5.0,0.0,0.532496094704,0.252184927464,0.709545254707
-10.0,-5.0,5.0,0.501190066338,0.338278383017,0.64553129673
-5.0,-10.0,0.0,0.532184541225,0.260143399239,0.670984447002
-5.0,-10.0,5.0,0.504856526852,0.334762573242,0.629558324814
-5.0,-5.0,0.0,0.544144451618,0.285046100616,0.691251575947
-5.0,-5.0,5.0,0.510890007019,0.369328796864,0.615103423595
-10.0,-10.0,10.0,0.517422497272,0.333958625793,0.641203701496
-10.0,-10.0,15.0,0.496109753847,0.400203824043,0.608929038048
-10.0,-5.0,10.0,0.528059363365,0.405153393745,0.609486222267
-10.0,-5.0,15.0,0.548860669136,0.398068726063,0.543590068817
-5.0,-10.0,10.0,0.45877456665,0.414351403713,0.608243942261
-5.0,-10.0,15.0,0.52470356226,0.412355780602,0.531858146191
-5.0,-5.0,10.0,0.525118589401,0.418817013502,0.528046905994
-5.0,-5.0,15.0,0.56423830986,0.448412895203,0.484689563513
-10.0,-10.0,20.0,0.526203453541,0.405519366264,0.53344386816
-10.0,-10.0,25.0,0.545381188393,0.42170098424,0.510861158371
-10.0,-5.0,20.0,0.561985015869,0.437257647514,0.51327753067
-10.0,-5.0,25.0,0.578572690487,0.479439020157,0.468277871609
-5.0,-10.0,20.0,0.585268676281,0.433442890644,0.497401714325
-5.0,-10.0,25.0,0.593301355839,0.451515108347,0.454669952393
-5.0,-5.0,20.0,0.596792399883,0.476476401091,0.507679283619
-5.0,-5.0,25.0,0.636968851089,0.522874176502,0.452525883913
-10.0,-10.0,30.0,0.579864323139,0.442666500807,0.496114850044
-10.0,-10.0,35.0,0.573350846767,0.468619585037,0.503676474094
-10.0,-5.0,30.0,0.589031755924,0.501348137856,0.438933700323
-10.0,-5.0,35.0,0.574423611164,0.539831161499,0.456011146307
-5.0,-10.0,30.0,0.614468812943,0.472954124212,0.45831745863
-5.0,-10.0,35.0,0.611965298653,0.491355985403,0.481661498547
-5.0,-5.0,30.0,0.601590394974,0.544319212437,0.425324738026
-5.0,-5.0,35.0,0.611461281776,0.570637345314,0.405351221561
-35.0,0.0,-35.0,0.510320007801,0.306705236435,0.704437613487
-35.0,5.0,-35.0,0.522944748402,0.35011780262,0.69121158123
-35.0,0.0,-30.0,0.527136683464,0.310063958168,0.685859203339
-35.0,0.0,-25.0,0.480648487806,0.327003091574,0.682254314423
-35.0,5.0,-30.0,0.542609572411,0.384133398533,0.666231870651
-35.0,5.0,-25.0,0.507351279259,0.39007511735,0.665706634521
-35.0,0.0,-20.0,0.434747159481,0.304660111666,0.660370349884
-35.0,0.0,-15.0,0.460814416409,0.284085392952,0.640091598034
-35.0,5.0,-20.0,0.48107483983,0.341194629669,0.657036542892
-35.0,5.0,-15.0,0.480692744255,0.33540147543,0.599240124226
-35.0,0.0,-10.0,0.458053529263,0.348414540291,0.622349977493
-35.0,0.0,-5.0,0.519573092461,0.316088378429,0.686414122581
-35.0,5.0,-10.0,0.461180627346,0.415075212717,0.587544500828
-35.0,5.0,-5.0,0.516258955002,0.357297122478,0.638619959354
-35.0,10.0,-35.0,0.523803591728,0.394564479589,0.628322303295
-35.0,15.0,-35.0,0.522284805775,0.379629254341,0.582397818565
-35.0,10.0,-30.0,0.538694381714,0.417675584555,0.620954215527
-35.0,10.0,-25.0,0.502603113651,0.402394592762,0.589450657368
-35.0,15.0,-30.0,0.503242373466,0.406543314457,0.561200082302
-35.0,15.0,-25.0,0.476819396019,0.411385595798,0.54491186142
-35.0,10.0,-20.0,0.497873604298,0.376544088125,0.573187530041
-35.0,10.0,-15.0,0.53367716074,0.407432079315,0.571448564529
-35.0,15.0,-20.0,0.497749984264,0.375794231892,0.580964207649
-35.0,15.0,-15.0,0.552329421043,0.442893534899,0.626228392124
-35.0,10.0,-10.0,0.532084405422,0.456821799278,0.577460169792
-35.0,10.0,-5.0,0.523125469685,0.463184952736,0.625727534294
-35.0,15.0,-10.0,0.573274433613,0.519900560379,0.611048340797
-35.0,15.0,-5.0,0.556314826012,0.549831032753,0.579465329647
-30.0,0.0,-35.0,0.520693063736,0.292322516441,0.690141797066
-30.0,5.0,-35.0,0.54467433691,0.381090044975,0.69393402338
-25.0,0.0,-35.0,0.546055912971,0.319748997688,0.689704418182
-25.0,5.0,-35.0,0.543696820736,0.374432206154,0.698710083961
-30.0,0.0,-30.0,0.519894003868,0.315630435944,0.693393409252
-30.0,0.0,-25.0,0.498129934072,0.321815639734,0.708133459091
-30.0,5.0,-30.0,0.54519289732,0.40621805191,0.666516005993
-30.0,5.0,-25.0,0.515857040882,0.366026550531,0.647658586502
-25.0,0.0,-30.0,0.523279666901,0.340625524521,0.671606183052
-25.0,0.0,-25.0,0.496666014194,0.350423276424,0.697318196297
-25.0,5.0,-30.0,0.559358716011,0.359500646591,0.703051328659
-25.0,5.0,-25.0,0.527646720409,0.353171348572,0.68800419569
-30.0,0.0,-20.0,0.495891422033,0.295088022947,0.660810887814
-30.0,0.0,-15.0,0.47184741497,0.307077467442,0.636183917522
-30.0,5.0,-20.0,0.52305918932,0.322926521301,0.642829954624
-30.0,5.0,-15.0,0.46650236845,0.337778329849,0.628182768822
-25.0,0.0,-20.0,0.542828142643,0.329285144806,0.651054918766
-25.0,0.0,-15.0,0.515975415707,0.364330947399,0.638919234276
-25.0,5.0,-20.0,0.570136845112,0.334843277931,0.643541991711
-25.0,5.0,-15.0,0.510060727596,0.390683293343,0.647843241692
-30.0,0.0,-10.0,0.435793578625,0.344087839127,0.683974146843
-30.0,0.0,-5.0,0.483690559864,0.33614218235,0.675866603851
-30.0,5.0,-10.0,0.476281255484,0.395277142525,0.63259601593
-30.0,5.0,-5.0,0.507852852345,0.363618195057,0.654036641121
-25.0,0.0,-10.0,0.471156686544,0.338021397591,0.663010597229
-25.0,0.0,-5.0,0.457502752542,0.293247044086,0.679287791252
-25.0,5.0,-10.0,0.491652399302,0.379737645388,0.622930705547
-25.0,5.0,-5.0,0.488845646381,0.366469442844,0.642755329609
-30.0,10.0,-35.0,0.523115575314,0.411618411541,0.678592681885
-30.0,15.0,-35.0,0.500805258751,0.390506088734,0.679506540298
-25.0,10.0,-35.0,0.52387714386,0.387984067202,0.719960212708
-25.0,15.0,-35.0,0.508002281189,0.371006906033,0.703062653542
-30.0,10.0,-30.0,0.538926124573,0.416572988033,0.626185655594
-30.0,10.0,-25.0,0.516709327698,0.380335092545,0.586535155773
-30.0,15.0,-30.0,0.488133281469,0.398558914661,0.594912230968
-30.0,15.0,-25.0,0.489904850721,0.37526896596,0.554799318314
-25.0,10.0,-30.0,0.539443552494,0.36273753643,0.699152946472
-25.0,10.0,-25.0,0.5337241292,0.343853324652,0.65611320734
-25.0,15.0,-30.0,0.507241666317,0.364363014698,0.666733384132
-25.0,15.0,-25.0,0.492162525654,0.332721352577,0.629452109337
-30.0,10.0,-20.0,0.515819609165,0.359559178352,0.590950906277
-30.0,10.0,-15.0,0.53019964695,0.396683871746,0.600996375084
-30.0,15.0,-20.0,0.538425862789,0.412658900023,0.566880166531
-30.0,15.0,-15.0,0.585389971733,0.434311151505,0.612417638302
-25.0,10.0,-20.0,0.556147694588,0.3581135571,0.624901175499
-25.0,10.0,-15.0,0.579007685184,0.390565663576,0.620159029961
-25.0,15.0,-20.0,0.5555087924,0.379446804523,0.602453410625
-25.0,15.0,-15.0,0.593238472939,0.406243860722,0.579431414604
-30.0,10.0,-10.0,0.538703620434,0.4318831563,0.610823631287
-30.0,10.0,-5.0,0.552320182323,0.455036997795,0.648282825947
-30.0,15.0,-10.0,0.582805514336,0.464457958937,0.610183894634
-30.0,15.0,-5.0,0.565712451935,0.499606758356,0.620494425297
-25.0,10.0,-10.0,0.564491868019,0.401054352522,0.620333850384
-25.0,10.0,-5.0,0.56261485815,0.457034498453,0.598474144936
-25.0,15.0,-10.0,0.612983644009,0.435539245605,0.558501183987
-25.0,15.0,-5.0,0.614394664764,0.493044376373,0.57223033905
-20.0,0.0,-35.0,0.467551916838,0.316283106804,0.729272305965
-20.0,5.0,-35.0,0.474157273769,0.337876677513,0.669912219048
-15.0,0.0,-35.0,0.42598810792,0.298871546984,0.679109215736
-15.0,5.0,-35.0,0.432597637177,0.329948484898,0.659237265587
-20.0,0.0,-30.0,0.502377092838,0.311130106449,0.680046975613
-20.0,0.0,-25.0,0.480788469315,0.318663954735,0.709284603596
-20.0,5.0,-30.0,0.494789510965,0.34304562211,0.67464184761
-20.0,5.0,-25.0,0.441236555576,0.357975542545,0.675754010677
-15.0,0.0,-30.0,0.497093886137,0.316018164158,0.65601837635
-15.0,0.0,-25.0,0.507530033588,0.311418920755,0.68573063612
-15.0,5.0,-30.0,0.498870223761,0.349875807762,0.630324006081
-15.0,5.0,-25.0,0.448199719191,0.328805357218,0.643537938595
-20.0,0.0,-20.0,0.542272508144,0.308483541012,0.690424203873
-20.0,0.0,-15.0,0.542391836643,0.336606532335,0.64702129364
-20.0,5.0,-20.0,0.471956193447,0.374136269093,0.637769341469
-20.0,5.0,-15.0,0.524515390396,0.394557982683,0.609474360943
-15.0,0.0,-20.0,0.497361630201,0.31651943922,0.714390814304
-15.0,0.0,-15.0,0.511828184128,0.316212654114,0.683374524117
-15.0,5.0,-20.0,0.463982790709,0.353992342949,0.658744573593
-15.0,5.0,-15.0,0.519243657589,0.39369443059,0.637850880623
-20.0,0.0,-10.0,0.499811172485,0.327845573425,0.64465624094
-20.0,0.0,-5.0,0.457829296589,0.315606713295,0.633842110634
-20.0,5.0,-10.0,0.497837364674,0.392241418362,0.571167051792
-20.0,5.0,-5.0,0.509668529034,0.398410558701,0.60121524334
-15.0,0.0,-10.0,0.498700559139,0.313877344131,0.642789125443
-15.0,0.0,-5.0,0.475504517555,0.337615430355,0.639291524887
-15.0,5.0,-10.0,0.515153467655,0.362609922886,0.59855145216
-15.0,5.0,-5.0,0.531536281109,0.422622740269,0.598787009716
-20.0,10.0,-35.0,0.487819492817,0.316493034363,0.716543734074
-20.0,15.0,-35.0,0.51270622015,0.335703849792,0.713827669621
-15.0,10.0,-35.0,0.447249263525,0.271251887083,0.673501491547
-15.0,15.0,-35.0,0.461125344038,0.265957295895,0.634382426739
-20.0,10.0,-30.0,0.489797145128,0.328209221363,0.711229801178
-20.0,10.0,-25.0,0.476263135672,0.324882894754,0.680913507938
-20.0,15.0,-30.0,0.516114115715,0.319863498211,0.714256942272
-20.0,15.0,-25.0,0.504814326763,0.316353678703,0.677257537842
-15.0,10.0,-30.0,0.456335365772,0.30850315094,0.694292843342
-15.0,10.0,-25.0,0.477668434381,0.350361466408,0.677294671535
-15.0,15.0,-30.0,0.460067749023,0.287692666054,0.691192090511
-15.0,15.0,-25.0,0.490760922432,0.345165401697,0.675273478031
-20.0,10.0,-20.0,0.52667927742,0.357682585716,0.64816570282
-20.0,10.0,-15.0,0.53414285183,0.385975807905,0.582952737808
-20.0,15.0,-20.0,0.553454458714,0.364509344101,0.632012069225
-20.0,15.0,-15.0,0.559624910355,0.401992559433,0.584850430489
-15.0,10.0,-20.0,0.491372793913,0.371939182281,0.668413758278
-15.0,10.0,-15.0,0.513085544109,0.364508777857,0.590482532978
-15.0,15.0,-20.0,0.520113587379,0.375097692013,0.635581612587
-15.0,15.0,-15.0,0.539126694202,0.397100687027,0.559330165386
-20.0,10.0,-10.0,0.521460533142,0.444707542658,0.586599171162
-20.0,10.0,-5.0,0.572546780109,0.499729394913,0.572788894176
-20.0,15.0,-10.0,0.552541851997,0.431919664145,0.562665700912
-20.0,15.0,-5.0,0.621506214142,0.502765119076,0.528351604939
-15.0,10.0,-10.0,0.525132834911,0.412528395653,0.566960811615
-15.0,10.0,-5.0,0.559936642647,0.480565547943,0.540016949177
-15.0,15.0,-10.0,0.539981365204,0.423971354961,0.583338320255
-15.0,15.0,-5.0,0.581744492054,0.480922043324,0.519639492035
-10.0,0.0,-35.0,0.436565488577,0.350656062365,0.631416201591
-10.0,5.0,-35.0,0.420550704002,0.341539114714,0.654921591282
-5.0,0.0,-35.0,0.437552541494,0.323658645153,0.652463674545
-5.0,5.0,-35.0,0.42826962471,0.351094901562,0.652950406075
-10.0,0.0,-30.0,0.442319065332,0.37148475647,0.622781157494
-10.0,0.0,-25.0,0.485228598118,0.309676647186,0.632539093494
-10.0,5.0,-30.0,0.434028565884,0.366204738617,0.616109132767
-10.0,5.0,-25.0,0.487135380507,0.321393251419,0.62226831913
-5.0,0.0,-30.0,0.419467419386,0.352076917887,0.632586061954
-5.0,0.0,-25.0,0.423240989447,0.328648746014,0.625681877136
-5.0,5.0,-30.0,0.429138749838,0.384259641171,0.634555339813
-5.0,5.0,-25.0,0.479402512312,0.363069117069,0.60058259964
-10.0,0.0,-20.0,0.471547245979,0.316067159176,0.661192059517
-10.0,0.0,-15.0,0.491102546453,0.333913058043,0.684079229832
-10.0,5.0,-20.0,0.50833439827,0.350800573826,0.662468492985
-10.0,5.0,-15.0,0.48936188221,0.344496190548,0.675645470619
-5.0,0.0,-20.0,0.445787519217,0.323822140694,0.629335045815
-5.0,0.0,-15.0,0.448499292135,0.366493523121,0.620316267014
-5.0,5.0,-20.0,0.458156704903,0.337971508503,0.621140480042
-5.0,5.0,-15.0,0.464374363422,0.364510625601,0.638958990574
-10.0,0.0,-10.0,0.517480611801,0.33850902319,0.662466287613
-10.0,0.0,-5.0,0.500364422798,0.345610976219,0.627485513687
-10.0,5.0,-10.0,0.518561601639,0.373430162668,0.626492857933
-10.0,5.0,-5.0,0.539762973785,0.430549144745,0.55896037817
-5.0,0.0,-10.0,0.47539550066,0.342686235905,0.639817297459
-5.0,0.0,-5.0,0.500347852707,0.360788285732,0.623347818851
-5.0,5.0,-10.0,0.510809123516,0.39317214489,0.608978033066
-5.0,5.0,-5.0,0.517173171043,0.423078894615,0.550106704235
-10.0,10.0,-35.0,0.41933336854,0.285721957684,0.646801412106
-10.0,15.0,-35.0,0.463194131851,0.318310499191,0.672193527222
-5.0,10.0,-35.0,0.435160279274,0.355269998312,0.68424475193
-5.0,15.0,-35.0,0.506442070007,0.38264477253,0.667787432671
-10.0,10.0,-30.0,0.458812713623,0.337833344936,0.664969921112
-10.0,10.0,-25.0,0.514041304588,0.358742743731,0.618516087532
-10.0,15.0,-30.0,0.483352035284,0.345174878836,0.684316158295
-10.0,15.0,-25.0,0.500599086285,0.362587034702,0.608072221279
-5.0,10.0,-30.0,0.466096043587,0.380450636148,0.665025770664
-5.0,10.0,-25.0,0.482192218304,0.400939404964,0.651052594185
-5.0,15.0,-30.0,0.470488220453,0.388095080853,0.647494316101
-5.0,15.0,-25.0,0.475193113089,0.414871573448,0.604989647865
-10.0,10.0,-20.0,0.528348326683,0.396583914757,0.619577407837
-10.0,10.0,-15.0,0.490458697081,0.361547350883,0.600353300571
-10.0,15.0,-20.0,0.527562558651,0.419625371695,0.574719130993
-10.0,15.0,-15.0,0.515576958656,0.415974229574,0.525629341602
-5.0,10.0,-20.0,0.492270231247,0.397062629461,0.636029958725
-5.0,10.0,-15.0,0.471844881773,0.402066111565,0.588994562626
-5.0,15.0,-20.0,0.514362156391,0.455815315247,0.573808670044
-5.0,15.0,-15.0,0.511488556862,0.48527815938,0.512471735477
-10.0,10.0,-10.0,0.513113260269,0.410218894482,0.580511927605
-10.0,10.0,-5.0,0.529127657413,0.444044411182,0.525664448738
-10.0,15.0,-10.0,0.511832177639,0.464794516563,0.521416723728
-10.0,15.0,-5.0,0.53946107626,0.471868216991,0.491198152304
-5.0,10.0,-10.0,0.491466939449,0.445533186197,0.497551381588
-5.0,10.0,-5.0,0.510444879532,0.474889814854,0.464284658432
-5.0,15.0,-10.0,0.470397204161,0.4862626791,0.451888263226
-5.0,15.0,-5.0,0.485162138939,0.4863037467,0.425268352032
-35.0,0.0,0.0,0.453854084015,0.302091240883,0.694854080677
-35.0,0.0,5.0,0.45753750205,0.319836884737,0.670236587524
-35.0,5.0,0.0,0.497162848711,0.373959809542,0.644935846329
-35.0,5.0,5.0,0.474409431219,0.376253098249,0.633941113949
-35.0,0.0,10.0,0.476099342108,0.381513059139,0.610437035561
-35.0,0.0,15.0,0.544845998287,0.45578789711,0.599381506443
-35.0,5.0,10.0,0.534426033497,0.422673404217,0.612942397594
-35.0,5.0,15.0,0.564660191536,0.474941521883,0.575626134872
-35.0,0.0,20.0,0.526724517345,0.462512463331,0.593882441521
-35.0,0.0,25.0,0.546179115772,0.510347545147,0.532598018646
-35.0,5.0,20.0,0.543831706047,0.498885154724,0.564020931721
-35.0,5.0,25.0,0.539521336555,0.54703772068,0.488380551338
-35.0,0.0,30.0,0.546615302563,0.503737032413,0.517351567745
-35.0,0.0,35.0,0.566017389297,0.508484780788,0.515997231007
-35.0,5.0,30.0,0.552859246731,0.54977619648,0.461233705282
-35.0,5.0,35.0,0.583853781223,0.544012308121,0.427076876163
-35.0,10.0,0.0,0.525858819485,0.447791665792,0.650907993317
-35.0,10.0,5.0,0.520781040192,0.463467180729,0.61839056015
-35.0,15.0,0.0,0.557523787022,0.521736383438,0.597796857357
-35.0,15.0,5.0,0.557192444801,0.540170371532,0.595366537571
-35.0,10.0,10.0,0.576638400555,0.484024405479,0.592109203339
-35.0,10.0,15.0,0.586162626743,0.517003118992,0.556094288826
-35.0,15.0,10.0,0.563054561615,0.568094313145,0.576756477356
-35.0,15.0,15.0,0.566331803799,0.573708295822,0.551248371601
-35.0,10.0,20.0,0.54375487566,0.53143799305,0.530981063843
-35.0,10.0,25.0,0.519748091698,0.573754429817,0.473458468914
-35.0,15.0,20.0,0.531314432621,0.578269183636,0.50267457962
-35.0,15.0,25.0,0.534017324448,0.590150594711,0.440543234348
-35.0,10.0,30.0,0.538807094097,0.589663267136,0.417323410511
-35.0,10.0,35.0,0.562889277935,0.555803537369,0.347119212151
-35.0,15.0,30.0,0.542100250721,0.585671782494,0.396962046623
-35.0,15.0,35.0,0.603932023048,0.589733302593,0.321242272854
-30.0,0.0,0.0,0.478641092777,0.321282684803,0.677008628845
-30.0,0.0,5.0,0.460570633411,0.383150905371,0.659586548805
-30.0,5.0,0.0,0.485601812601,0.357625603676,0.622796952724
-30.0,5.0,5.0,0.495532006025,0.430669188499,0.612285077572
-25.0,0.0,0.0,0.47700163722,0.298774242401,0.672781288624
-25.0,0.0,5.0,0.510304927826,0.392729580402,0.65013974905
-25.0,5.0,0.0,0.510137021542,0.377496182919,0.624507427216
-25.0,5.0,5.0,0.529551744461,0.454598903656,0.612485408783
-30.0,0.0,10.0,0.491239666939,0.403726518154,0.63496363163
-30.0,0.0,15.0,0.50682914257,0.451211333275,0.562710702419
-30.0,5.0,10.0,0.522380948067,0.46836322546,0.584468305111
-30.0,5.0,15.0,0.566785514355,0.490645349026,0.502637386322
-25.0,0.0,10.0,0.506204128265,0.427112579346,0.606688737869
-25.0,0.0,15.0,0.515790224075,0.467462539673,0.573679685593
-25.0,5.0,10.0,0.505134522915,0.501695394516,0.54338490963
-25.0,5.0,15.0,0.563411593437,0.519862353802,0.459186255932
-30.0,0.0,20.0,0.503420710564,0.464277654886,0.533204555511
-30.0,0.0,25.0,0.51242017746,0.470913171768,0.503698706627
-30.0,5.0,20.0,0.542893588543,0.526328146458,0.492688119411
-30.0,5.0,25.0,0.552143275738,0.537335932255,0.471179634333
-25.0,0.0,20.0,0.511214256287,0.451582551003,0.504846990108
-25.0,0.0,25.0,0.517971873283,0.443309366703,0.465528428555
-25.0,5.0,20.0,0.556340396404,0.524324536324,0.439304053783
-25.0,5.0,25.0,0.564145326614,0.490152895451,0.412931829691
-30.0,0.0,30.0,0.54261380434,0.476280748844,0.499793618917
-30.0,0.0,35.0,0.5628002882,0.51476675272,0.505428433418
-30.0,5.0,30.0,0.569175064564,0.581119537354,0.436823129654
-30.0,5.0,35.0,0.586984395981,0.59940725565,0.43860539794
-25.0,0.0,30.0,0.52316391468,0.434976637363,0.454998373985
-25.0,0.0,35.0,0.540160417557,0.466027140617,0.435736149549
-25.0,5.0,30.0,0.546249508858,0.530448436737,0.408181548119
-25.0,5.0,35.0,0.563517212868,0.534325242043,0.383647024632
-30.0,10.0,0.0,0.533748567104,0.461937516928,0.63107419014
-30.0,10.0,5.0,0.537962973118,0.502971112728,0.587858200073
-30.0,15.0,0.0,0.573255419731,0.503275573254,0.59346050024
-30.0,15.0,5.0,0.538654029369,0.539348244667,0.562765419483
-25.0,10.0,0.0,0.56916642189,0.476068735123,0.602852106094
-25.0,10.0,5.0,0.541430711746,0.494759917259,0.566915690899
-25.0,15.0,0.0,0.601214885712,0.535690784454,0.590962052345
-25.0,15.0,5.0,0.531591892242,0.51721394062,0.552123486996
-30.0,10.0,10.0,0.552753567696,0.534324109554,0.558109343052
-30.0,10.0,15.0,0.560928285122,0.522593975067,0.507820129395
-30.0,15.0,10.0,0.543442726135,0.586465656757,0.56419056654
-30.0,15.0,15.0,0.531911015511,0.604373455048,0.506287395954
-25.0,10.0,10.0,0.482305973768,0.517595946789,0.506679713726
-25.0,10.0,15.0,0.53359156847,0.522763848305,0.429629266262
-25.0,15.0,10.0,0.509579360485,0.566403329372,0.496200233698
-25.0,15.0,15.0,0.522036373615,0.579672276974,0.47822573781
-30.0,10.0,20.0,0.554874420166,0.557852506638,0.475594460964
-30.0,10.0,25.0,0.524497032166,0.592184245586,0.448817163706
-30.0,15.0,20.0,0.551343381405,0.593169927597,0.461381345987
-30.0,15.0,25.0,0.560458600521,0.579775512218,0.430451512337
-25.0,10.0,20.0,0.580761730671,0.540414810181,0.42064666748
-25.0,10.0,25.0,0.56400758028,0.579931020737,0.428043365479
-25.0,15.0,20.0,0.536604762077,0.586908698082,0.406312584877
-25.0,15.0,25.0,0.554446339607,0.582557499409,0.404535710812
-30.0,10.0,30.0,0.528824806213,0.591311395168,0.390800744295
-30.0,10.0,35.0,0.56233894825,0.586841464043,0.358064413071
-30.0,15.0,30.0,0.543130934238,0.583519160748,0.369452893734
-30.0,15.0,35.0,0.562897145748,0.58592826128,0.334770143032
-25.0,10.0,30.0,0.564643621445,0.588747859001,0.379245758057
-25.0,10.0,35.0,0.571501731873,0.573918759823,0.359409064054
-25.0,15.0,30.0,0.59400421381,0.567431569099,0.39540886879
-25.0,15.0,35.0,0.576069772243,0.565433859825,0.364826530218
-20.0,0.0,0.0,0.486604034901,0.28778809309,0.667985737324
-20.0,0.0,5.0,0.50374943018,0.351144850254,0.630148530006
-20.0,5.0,0.0,0.524299561977,0.409109830856,0.606423676014
-20.0,5.0,5.0,0.551736950874,0.454726040363,0.599185228348
-15.0,0.0,0.0,0.488788872957,0.335219144821,0.651168346405
-15.0,0.0,5.0,0.501042842865,0.410027503967,0.593461632729
-15.0,5.0,0.0,0.538563191891,0.454715937376,0.606398522854
-15.0,5.0,5.0,0.543094754219,0.499562561512,0.543391942978
-20.0,0.0,10.0,0.523989617825,0.42071634531,0.585323929787
-20.0,0.0,15.0,0.533614993095,0.469604074955,0.519676029682
-20.0,5.0,10.0,0.521206796169,0.484678387642,0.539549350739
-20.0,5.0,15.0,0.551822841167,0.529487252235,0.44454652071
-15.0,0.0,10.0,0.519251048565,0.444243103266,0.53596842289
-15.0,0.0,15.0,0.543395757675,0.465875208378,0.499389946461
-15.0,5.0,10.0,0.550942778587,0.531392753124,0.478186666965
-15.0,5.0,15.0,0.551130235195,0.573670625687,0.407207667828
-20.0,0.0,20.0,0.539570987225,0.471663743258,0.486718088388
-20.0,0.0,25.0,0.518446683884,0.429637014866,0.426160395145
-20.0,5.0,20.0,0.563949167728,0.522859156132,0.359254986048
-20.0,5.0,25.0,0.540089845657,0.521507024765,0.350620478392
-15.0,0.0,20.0,0.549732029438,0.488933444023,0.437436372042
-15.0,0.0,25.0,0.525698781013,0.477888375521,0.445637047291
-15.0,5.0,20.0,0.579402923584,0.537597000599,0.363912791014
-15.0,5.0,25.0,0.546058595181,0.538012802601,0.359626382589
-20.0,0.0,30.0,0.562166333199,0.399011611938,0.452413380146
-20.0,0.0,35.0,0.558637917042,0.494398921728,0.425590217113
-20.0,5.0,30.0,0.556344568729,0.491244196892,0.364781975746
-20.0,5.0,35.0,0.567272245884,0.538596510887,0.350718766451
-15.0,0.0,30.0,0.550396025181,0.456366300583,0.443697214127
-15.0,0.0,35.0,0.55837726593,0.512700259686,0.438789904118
-15.0,5.0,30.0,0.543459057808,0.51927280426,0.35136038065
-15.0,5.0,35.0,0.589624583721,0.567466378212,0.379844307899
-20.0,10.0,0.0,0.554578721523,0.501291513443,0.57724404335
-20.0,10.0,5.0,0.55695271492,0.538198649883,0.570632100105
-20.0,15.0,0.0,0.609648108482,0.519838452339,0.534580409527
-20.0,15.0,5.0,0.543412744999,0.545947670937,0.517475664616
-15.0,10.0,0.0,0.560035467148,0.478140413761,0.532039105892
-15.0,10.0,5.0,0.548454046249,0.550230622292,0.517705738544
-15.0,15.0,0.0,0.559851467609,0.497661709785,0.47572556138
-15.0,15.0,5.0,0.545252382755,0.532199621201,0.470812886953
-20.0,10.0,10.0,0.536188900471,0.543716967106,0.475986838341
-20.0,10.0,15.0,0.55408090353,0.574525952339,0.403213799
-20.0,15.0,10.0,0.531711935997,0.580001473427,0.457836896181
-20.0,15.0,15.0,0.531328320503,0.592877686024,0.392376154661
-15.0,10.0,10.0,0.514798879623,0.56916230917,0.463848978281
-15.0,10.0,15.0,0.551472365856,0.549934387207,0.373313963413
-15.0,15.0,10.0,0.532641232014,0.547473311424,0.408880501986
-15.0,15.0,15.0,0.537824273109,0.580757260323,0.358200192451
-20.0,10.0,20.0,0.597850680351,0.576257944107,0.353354990482
-20.0,10.0,25.0,0.565301001072,0.558088362217,0.369071483612
-20.0,15.0,20.0,0.585018098354,0.604417324066,0.377229452133
-20.0,15.0,25.0,0.581790447235,0.600737690926,0.390634030104
-15.0,10.0,20.0,0.574704051018,0.576732099056,0.322790235281
-15.0,10.0,25.0,0.545537590981,0.569313645363,0.345376491547
-15.0,15.0,20.0,0.563473761082,0.60830706358,0.345208406448
-15.0,15.0,25.0,0.516000509262,0.586590766907,0.387331843376
-20.0,10.0,30.0,0.569810986519,0.531160831451,0.346638739109
-20.0,10.0,35.0,0.555485069752,0.559493124485,0.336388349533
-20.0,15.0,30.0,0.570435583591,0.572637081146,0.379165291786
-20.0,15.0,35.0,0.537977814674,0.554672300816,0.339939028025
-15.0,10.0,30.0,0.517752289772,0.560112953186,0.343995243311
-15.0,10.0,35.0,0.5432112813,0.596109449863,0.326193511486
-15.0,15.0,30.0,0.519855260849,0.608875155449,0.381472766399
-15.0,15.0,35.0,0.529313504696,0.629106283188,0.325173079967
-10.0,0.0,0.0,0.488902717829,0.339634120464,0.631446063519
-10.0,0.0,5.0,0.511220693588,0.426583409309,0.555354058743
-10.0,5.0,0.0,0.563292264938,0.49979814887,0.554772615433
-10.0,5.0,5.0,0.533214092255,0.526407778263,0.478549271822
-5.0,0.0,0.0,0.510945498943,0.375324100256,0.602065742016
-5.0,0.0,5.0,0.531698226929,0.470276802778,0.492414146662
-5.0,5.0,0.0,0.537977337837,0.496124207973,0.485924094915
-5.0,5.0,5.0,0.525650978088,0.556738972664,0.413351684809
-10.0,0.0,10.0,0.53734511137,0.467637211084,0.489911556244
-10.0,0.0,15.0,0.541575074196,0.441561192274,0.44673961401
-10.0,5.0,10.0,0.568583369255,0.552293896675,0.386510699987
-10.0,5.0,15.0,0.556974828243,0.53610599041,0.377143085003
-5.0,0.0,10.0,0.540073990822,0.513127088547,0.436037749052
-5.0,0.0,15.0,0.570436298847,0.553192019463,0.424587458372
-5.0,5.0,10.0,0.551031887531,0.583307743073,0.364597290754
-5.0,5.0,15.0,0.564468801022,0.604277014732,0.379556775093
-10.0,0.0,20.0,0.549252688885,0.515200376511,0.413221120834
-10.0,0.0,25.0,0.583160042763,0.563671588898,0.424620181322
-10.0,5.0,20.0,0.553084909916,0.555148482323,0.357428342104
-10.0,5.0,25.0,0.575650930405,0.58169311285,0.364526182413
-5.0,0.0,20.0,0.573552370071,0.584046304226,0.421813994646
-5.0,0.0,25.0,0.630660116673,0.64157730341,0.434790432453
-5.0,5.0,20.0,0.583265244961,0.614524364471,0.380808919668
-5.0,5.0,25.0,0.632082641125,0.642397940159,0.381841361523
-10.0,0.0,30.0,0.582516789436,0.560530722141,0.416535079479
-10.0,0.0,35.0,0.539512455463,0.584586083889,0.426675289869
-10.0,5.0,30.0,0.600850343704,0.602903008461,0.380118966103
-10.0,5.0,35.0,0.555884182453,0.602142870426,0.381281733513
-5.0,0.0,30.0,0.630522847176,0.618242800236,0.394943416119
-5.0,0.0,35.0,0.571338534355,0.630515933037,0.384711802006
-5.0,5.0,30.0,0.610836923122,0.662003159523,0.37561365962
-5.0,5.0,35.0,0.553446471691,0.620586633682,0.386072009802
-10.0,10.0,0.0,0.548131346703,0.494960397482,0.485844194889
-10.0,10.0,5.0,0.502914309502,0.533855497837,0.433585345745
-10.0,15.0,0.0,0.548461616039,0.470582127571,0.411690562963
-10.0,15.0,5.0,0.494151085615,0.535439133644,0.383148670197
-5.0,10.0,0.0,0.514488458633,0.51932322979,0.431128770113
-5.0,10.0,5.0,0.515234529972,0.560315966606,0.383302092552
-5.0,15.0,0.0,0.526237487793,0.54449826479,0.411013960838
-5.0,15.0,5.0,0.495549112558,0.587501943111,0.388711452484
-10.0,10.0,10.0,0.535667657852,0.58852994442,0.406262814999
-10.0,10.0,15.0,0.551452577114,0.580582559109,0.371878564358
-10.0,15.0,10.0,0.521343827248,0.567669153214,0.36843752861
-10.0,15.0,15.0,0.554742515087,0.591668486595,0.346404075623
-5.0,10.0,10.0,0.529095649719,0.635359764099,0.388789594173
-5.0,10.0,15.0,0.574847102165,0.65979206562,0.385688871145
-5.0,15.0,10.0,0.500286579132,0.626970469952,0.37345457077
-5.0,15.0,15.0,0.550343811512,0.644261360168,0.363333761692
-10.0,10.0,20.0,0.55384260416,0.58034658432,0.330330729485
-10.0,10.0,25.0,0.561896622181,0.616960763931,0.346757769585
-10.0,15.0,20.0,0.557231485844,0.649845600128,0.38686144352
-10.0,15.0,25.0,0.551084458828,0.649362266064,0.386662662029
-5.0,10.0,20.0,0.611604809761,0.612102866173,0.379883348942
-5.0,10.0,25.0,0.615333199501,0.637181162834,0.392059206963
-5.0,15.0,20.0,0.562411427498,0.658477306366,0.388889491558
-5.0,15.0,25.0,0.54751688242,0.672313570976,0.395620882511
-10.0,10.0,30.0,0.57365334034,0.620320498943,0.369692087173
-10.0,10.0,35.0,0.566835999489,0.625030755997,0.367390155792
-10.0,15.0,30.0,0.591604888439,0.662432610989,0.403107970953
-10.0,15.0,35.0,0.608439683914,0.678382277489,0.388240754604
-5.0,10.0,30.0,0.622129499912,0.65403264761,0.385414391756
-5.0,10.0,35.0,0.604444622993,0.632942557335,0.387666404247
-5.0,15.0,30.0,0.608351588249,0.673274874687,0.398831397295
-5.0,15.0,35.0,0.608497798443,0.676608324051,0.384262889624
0.0,-15.0,-35.0,0.504853963852,0.335744798183,0.726792752743
5.0,-15.0,-35.0,0.489197045565,0.355265915394,0.764269948006
0.0,-15.0,-30.0,0.534788250923,0.325919508934,0.751254200935
0.0,-15.0,-25.0,0.537038326263,0.336287289858,0.727028310299
5.0,-15.0,-30.0,0.499261051416,0.310746788979,0.742180943489
5.0,-15.0,-25.0,0.514895677567,0.316583991051,0.717646658421
0.0,-15.0,-20.0,0.513718783855,0.34318125248,0.712291717529
0.0,-15.0,-15.0,0.496390014887,0.301749706268,0.747411608696
5.0,-15.0,-20.0,0.47462901473,0.361116528511,0.701158285141
5.0,-15.0,-15.0,0.481900691986,0.339697510004,0.696065485477
0.0,-15.0,-10.0,0.47880461812,0.274646550417,0.755314469337
0.0,-15.0,-5.0,0.453220248222,0.322491645813,0.723544597626
5.0,-15.0,-10.0,0.478215962648,0.346862316132,0.675896167755
5.0,-15.0,-5.0,0.449179977179,0.364117205143,0.61528968811
0.0,-10.0,-35.0,0.492517054081,0.340971469879,0.689673185349
0.0,-5.0,-35.0,0.504577696323,0.331120371819,0.681443870068
5.0,-10.0,-35.0,0.458768844604,0.395097881556,0.710383653641
5.0,-5.0,-35.0,0.463019281626,0.370913565159,0.698745250702
0.0,-10.0,-30.0,0.505735099316,0.344153642654,0.70633494854
0.0,-10.0,-25.0,0.491045057774,0.293226212263,0.738439142704
0.0,-5.0,-30.0,0.442088752985,0.340217858553,0.70383566618
0.0,-5.0,-25.0,0.449560314417,0.313907414675,0.728606700897
5.0,-10.0,-30.0,0.458783954382,0.364250510931,0.707346081734
5.0,-10.0,-25.0,0.461966633797,0.349653989077,0.701934337616
5.0,-5.0,-30.0,0.449196666479,0.366360217333,0.693122386932
5.0,-5.0,-25.0,0.449014365673,0.405296176672,0.695337414742
0.0,-10.0,-20.0,0.503013253212,0.316878318787,0.720053315163
0.0,-10.0,-15.0,0.527166068554,0.342538833618,0.744472920895
0.0,-5.0,-20.0,0.48143991828,0.33743929863,0.698974370956
0.0,-5.0,-15.0,0.489880234003,0.345663666725,0.698228657246
5.0,-10.0,-20.0,0.466724693775,0.366017460823,0.716879069805
5.0,-10.0,-15.0,0.459284424782,0.395081043243,0.710716068745
5.0,-5.0,-20.0,0.44766587019,0.422431409359,0.669435679913
5.0,-5.0,-15.0,0.451569765806,0.432563483715,0.664514958858
0.0,-10.0,-10.0,0.492188930511,0.330537199974,0.716283082962
0.0,-10.0,-5.0,0.460241317749,0.330552369356,0.696369171143
0.0,-5.0,-10.0,0.496258467436,0.343443632126,0.686911582947
0.0,-5.0,-5.0,0.492783784866,0.356365293264,0.683299899101
5.0,-10.0,-10.0,0.471687048674,0.402584910393,0.648176968098
5.0,-10.0,-5.0,0.464140862226,0.387812495232,0.59256696701
5.0,-5.0,-10.0,0.452148318291,0.48001563549,0.632172346115
5.0,-5.0,-5.0,0.455616354942,0.482073009014,0.567629933357
10.0,-15.0,-35.0,0.455777287483,0.411232054234,0.727106690407
15.0,-15.0,-35.0,0.444062769413,0.463379323483,0.650258004665
10.0,-15.0,-30.0,0.433557540178,0.410160899162,0.714960575104
10.0,-15.0,-25.0,0.456609666348,0.417568683624,0.690081357956
15.0,-15.0,-30.0,0.433088302612,0.497438132763,0.663035452366
15.0,-15.0,-25.0,0.436462700367,0.506681203842,0.657771110535
10.0,-15.0,-20.0,0.443660795689,0.409831702709,0.665711045265
10.0,-15.0,-15.0,0.466596275568,0.434118032455,0.589950025082
15.0,-15.0,-20.0,0.464408934116,0.489490509033,0.653308451176
15.0,-15.0,-15.0,0.44431039691,0.487985312939,0.594883024693
10.0,-15.0,-10.0,0.448792695999,0.425414502621,0.561165630817
10.0,-15.0,-5.0,0.437490582466,0.446120381355,0.548364400864
15.0,-15.0,-10.0,0.437032878399,0.461780428886,0.525278270245
15.0,-15.0,-5.0,0.481603860855,0.455731213093,0.512020528316
10.0,-10.0,-35.0,0.406833261251,0.445291131735,0.661778688431
10.0,-5.0,-35.0,0.442597985268,0.422508388758,0.68428426981
15.0,-10.0,-35.0,0.442504286766,0.489353775978,0.612849473953
15.0,-5.0,-35.0,0.479628622532,0.477845489979,0.63673967123
10.0,-10.0,-30.0,0.447863042355,0.429364234209,0.689922511578
10.0,-10.0,-25.0,0.431857764721,0.444655269384,0.683243155479
10.0,-5.0,-30.0,0.478569865227,0.435985058546,0.624420106411
10.0,-5.0,-25.0,0.485874414444,0.485208064318,0.654641389847
15.0,-10.0,-30.0,0.416440874338,0.494141668081,0.650286734104
15.0,-10.0,-25.0,0.434181332588,0.530205070972,0.654015421867
15.0,-5.0,-30.0,0.436388969421,0.502510428429,0.60409963131
15.0,-5.0,-25.0,0.44758823514,0.536343336105,0.618555366993
10.0,-10.0,-20.0,0.445572763681,0.496250867844,0.662035048008
10.0,-10.0,-15.0,0.440476089716,0.507827341557,0.624065816402
10.0,-5.0,-20.0,0.487369924784,0.511723875999,0.613778293133
10.0,-5.0,-15.0,0.462585479021,0.52095913887,0.62247300148
15.0,-10.0,-20.0,0.454595625401,0.553766489029,0.641240298748
15.0,-10.0,-15.0,0.426117897034,0.572474837303,0.60464990139
15.0,-5.0,-20.0,0.482204645872,0.554190158844,0.56802624464
15.0,-5.0,-15.0,0.464386373758,0.594087779522,0.583278715611
10.0,-10.0,-10.0,0.461172014475,0.507334291935,0.578691422939
10.0,-10.0,-5.0,0.441629469395,0.473431199789,0.536159336567
10.0,-5.0,-10.0,0.471098542213,0.552029967308,0.579707801342
10.0,-5.0,-5.0,0.469994395971,0.567560076714,0.495374768972
15.0,-10.0,-10.0,0.450952887535,0.546691656113,0.543028652668
15.0,-10.0,-5.0,0.464055806398,0.523753702641,0.492831647396
15.0,-5.0,-10.0,0.459992557764,0.600069463253,0.51102656126
15.0,-5.0,-5.0,0.492772161961,0.607883930206,0.462401598692
20.0,-15.0,-35.0,0.468022525311,0.551831185818,0.617825865746
25.0,-15.0,-35.0,0.491889774799,0.585624754429,0.575832843781
20.0,-15.0,-30.0,0.426078826189,0.531498491764,0.642697572708
20.0,-15.0,-25.0,0.47189411521,0.531628966331,0.599090099335
25.0,-15.0,-30.0,0.452491819859,0.622855603695,0.645379185677
25.0,-15.0,-25.0,0.450006961823,0.596005856991,0.632187068462
20.0,-15.0,-20.0,0.487607240677,0.538874089718,0.591185033321
20.0,-15.0,-15.0,0.447810828686,0.546260297298,0.563323915005
25.0,-15.0,-20.0,0.480560421944,0.581623136997,0.571880936623
25.0,-15.0,-15.0,0.443783462048,0.574986994267,0.531639754772
20.0,-15.0,-10.0,0.468630760908,0.534012973309,0.502202510834
20.0,-15.0,-5.0,0.500292539597,0.505621433258,0.449146091938
25.0,-15.0,-10.0,0.474469512701,0.592474162579,0.475272148848
25.0,-15.0,-5.0,0.485187888145,0.567530333996,0.496972829103
20.0,-10.0,-35.0,0.488548547029,0.532822489738,0.607872724533
20.0,-5.0,-35.0,0.50058734417,0.538049817085,0.637596130371
25.0,-10.0,-35.0,0.514169037342,0.560961663723,0.606868505478
25.0,-5.0,-35.0,0.530590713024,0.567024052143,0.587950825691
20.0,-10.0,-30.0,0.492095887661,0.529831528664,0.646338105202
20.0,-10.0,-25.0,0.470870167017,0.532959103584,0.625310957432
20.0,-5.0,-30.0,0.482994258404,0.546084284782,0.605801284313
20.0,-5.0,-25.0,0.470907866955,0.563388288021,0.551667690277
25.0,-10.0,-30.0,0.498501718044,0.586966276169,0.657297372818
25.0,-10.0,-25.0,0.450450122356,0.585960566998,0.617390334606
25.0,-5.0,-30.0,0.49570941925,0.568240344524,0.605155169964
25.0,-5.0,-25.0,0.449090301991,0.610278367996,0.537443041801
20.0,-10.0,-20.0,0.456700146198,0.554200828075,0.570883631706
20.0,-10.0,-15.0,0.45017272234,0.593394577503,0.558326661587
20.0,-5.0,-20.0,0.45853599906,0.598188102245,0.489843547344
20.0,-5.0,-15.0,0.47339451313,0.633520781994,0.516414821148
25.0,-10.0,-20.0,0.495032817125,0.61820435524,0.546459197998
25.0,-10.0,-15.0,0.470321536064,0.60797393322,0.497949868441
25.0,-5.0,-20.0,0.462898343801,0.628720521927,0.479258358479
25.0,-5.0,-15.0,0.485975444317,0.647459924221,0.465159237385
20.0,-10.0,-10.0,0.468097090721,0.583391666412,0.488731265068
20.0,-10.0,-5.0,0.494718581438,0.544017791748,0.455274164677
20.0,-5.0,-10.0,0.484927505255,0.601849794388,0.482688337564
20.0,-5.0,-5.0,0.511571407318,0.61926150322,0.438782542944
25.0,-10.0,-10.0,0.491724193096,0.589823246002,0.461437731981
25.0,-10.0,-5.0,0.502727270126,0.579034566879,0.464326739311
25.0,-5.0,-10.0,0.495721668005,0.64684677124,0.456795245409
25.0,-5.0,-5.0,0.504223883152,0.633799433708,0.469698548317
30.0,-15.0,-35.0,0.43136703968,0.583605110645,0.564828932285
35.0,-15.0,-35.0,0.440250754356,0.626767337322,0.577114582062
30.0,-15.0,-30.0,0.434313178062,0.622206568718,0.59783744812
30.0,-15.0,-25.0,0.426334708929,0.603272914886,0.611510872841
35.0,-15.0,-30.0,0.44641956687,0.637634038925,0.578726768494
35.0,-15.0,-25.0,0.421427547932,0.608170509338,0.583472192287
30.0,-15.0,-20.0,0.47224637866,0.587483525276,0.566133081913
30.0,-15.0,-15.0,0.48983579874,0.592312812805,0.491988837719
35.0,-15.0,-20.0,0.456114292145,0.58577144146,0.540456533432
35.0,-15.0,-15.0,0.489360928535,0.559900224209,0.507300674915
30.0,-15.0,-10.0,0.497584342957,0.600550234318,0.463631957769
30.0,-15.0,-5.0,0.496173202991,0.58224183321,0.474691689014
35.0,-15.0,-10.0,0.495686352253,0.572546899319,0.440181434155
35.0,-15.0,-5.0,0.506088972092,0.595965445042,0.452178925276
30.0,-10.0,-35.0,0.47431486845,0.573641061783,0.570434808731
30.0,-5.0,-35.0,0.51273649931,0.576248705387,0.521434545517
35.0,-10.0,-35.0,0.44435402751,0.6131092906,0.533385753632
35.0,-5.0,-35.0,0.504008114338,0.645246148109,0.519451498985
30.0,-10.0,-30.0,0.458921551704,0.609228610992,0.607825279236
30.0,-10.0,-25.0,0.447982341051,0.63111948967,0.547515928745
30.0,-5.0,-30.0,0.489397019148,0.576513946056,0.556512355804
30.0,-5.0,-25.0,0.472417831421,0.644798636436,0.534289181232
35.0,-10.0,-30.0,0.454263746738,0.667264580727,0.566668748856
35.0,-10.0,-25.0,0.452227801085,0.668671131134,0.539774239063
35.0,-5.0,-30.0,0.493970155716,0.673947811127,0.538222551346
35.0,-5.0,-25.0,0.470048397779,0.668320655823,0.512069284916
30.0,-10.0,-20.0,0.459781080484,0.619624495506,0.509845435619
30.0,-10.0,-15.0,0.481429457664,0.626079440117,0.446231037378
30.0,-5.0,-20.0,0.449652343988,0.636483430862,0.424888432026
30.0,-5.0,-15.0,0.462943434715,0.638025581837,0.438830465078
35.0,-10.0,-20.0,0.48053175211,0.624080717564,0.482452571392
35.0,-10.0,-15.0,0.49919590354,0.645802021027,0.471608430147
35.0,-5.0,-20.0,0.459210366011,0.655736982822,0.443186342716
35.0,-5.0,-15.0,0.486834824085,0.666408896446,0.451717704535
30.0,-10.0,-10.0,0.522111654282,0.614244759083,0.433456033468
30.0,-10.0,-5.0,0.486176252365,0.596745669842,0.466834038496
30.0,-5.0,-10.0,0.498329728842,0.696020066738,0.452562242746
30.0,-5.0,-5.0,0.454655498266,0.645741045475,0.476780176163
35.0,-10.0,-10.0,0.524197518826,0.611174762249,0.432114541531
35.0,-10.0,-5.0,0.487643241882,0.584450662136,0.430796802044
35.0,-5.0,-10.0,0.517718851566,0.696502625942,0.451075196266
35.0,-5.0,-5.0,0.444909691811,0.640069305897,0.477779567242
0.0,-15.0,0.0,0.477746784687,0.296593159437,0.650048911572
0.0,-15.0,5.0,0.500635385513,0.405302256346,0.654207229614
5.0,-15.0,0.0,0.470250844955,0.33757185936,0.571877360344
5.0,-15.0,5.0,0.500980556011,0.427950501442,0.583354592323
0.0,-15.0,10.0,0.495320022106,0.440932691097,0.601768493652
0.0,-15.0,15.0,0.511983513832,0.437436938286,0.548750698566
5.0,-15.0,10.0,0.518948793411,0.451616108418,0.558492839336
5.0,-15.0,15.0,0.547163248062,0.498260259628,0.505977809429
0.0,-15.0,20.0,0.569632411003,0.459315776825,0.49799233675
0.0,-15.0,25.0,0.574290454388,0.456077098846,0.446534216404
5.0,-15.0,20.0,0.568482637405,0.497181653976,0.488246172667
5.0,-15.0,25.0,0.567494153976,0.504413247108,0.426693737507
0.0,-15.0,30.0,0.590964257717,0.472541451454,0.455038011074
0.0,-15.0,35.0,0.657869040966,0.452763140202,0.464257657528
5.0,-15.0,30.0,0.559028208256,0.521545231342,0.424712955952
5.0,-15.0,35.0,0.599686264992,0.498571544886,0.444352626801
0.0,-10.0,0.0,0.490041524172,0.329659819603,0.650695085526
0.0,-10.0,5.0,0.509779572487,0.411566615105,0.612245500088
0.0,-5.0,0.0,0.486941814423,0.362305998802,0.614636838436
0.0,-5.0,5.0,0.516781330109,0.449999600649,0.534957885742
5.0,-10.0,0.0,0.476613581181,0.427903115749,0.531538069248
5.0,-10.0,5.0,0.544711232185,0.470451414585,0.533273041248
5.0,-5.0,0.0,0.501306116581,0.490994602442,0.511684238911
5.0,-5.0,5.0,0.540338158607,0.512185811996,0.457014560699
0.0,-10.0,10.0,0.520411670208,0.440001279116,0.542580604553
0.0,-10.0,15.0,0.536868155003,0.474073290825,0.470927804708
0.0,-5.0,10.0,0.563866794109,0.482371747494,0.466138511896
0.0,-5.0,15.0,0.60966449976,0.495606988668,0.442754030228
5.0,-10.0,10.0,0.549043178558,0.456053763628,0.504568219185
5.0,-10.0,15.0,0.527004063129,0.513758718967,0.407788932323
5.0,-5.0,10.0,0.564668476582,0.553780376911,0.410161077976
5.0,-5.0,15.0,0.585193037987,0.566694319248,0.384466826916
0.0,-10.0,20.0,0.585660159588,0.46979406476,0.450936019421
0.0,-10.0,25.0,0.614533901215,0.46280631423,0.415511071682
0.0,-5.0,20.0,0.616918802261,0.534093677998,0.461159616709
0.0,-5.0,25.0,0.674883961678,0.537470042706,0.442229300737
5.0,-10.0,20.0,0.555468142033,0.531115829945,0.395964443684
5.0,-10.0,25.0,0.593283176422,0.506670296192,0.357635706663
5.0,-5.0,20.0,0.569349050522,0.610064864159,0.39408904314
5.0,-5.0,25.0,0.605674743652,0.59226077795,0.382667779922
0.0,-10.0,30.0,0.633560657501,0.475482136011,0.437572330236
0.0,-10.0,35.0,0.675526559353,0.507631361485,0.464262753725
0.0,-5.0,30.0,0.628435850143,0.561499416828,0.368014991283
0.0,-5.0,35.0,0.617485523224,0.619883358479,0.414533853531
5.0,-10.0,30.0,0.619990348816,0.547955155373,0.404081702232
5.0,-10.0,35.0,0.632713198662,0.554426431656,0.439150810242
5.0,-5.0,30.0,0.622709035873,0.638615012169,0.384795039892
5.0,-5.0,35.0,0.61948543787,0.653579473495,0.437305867672
10.0,-15.0,0.0,0.452112942934,0.458629071712,0.550675868988
10.0,-15.0,5.0,0.519480705261,0.471591889858,0.521011888981
15.0,-15.0,0.0,0.507959425449,0.491536289454,0.48861014843
15.0,-15.0,5.0,0.527051389217,0.535777568817,0.483500391245
10.0,-15.0,10.0,0.526971042156,0.48663187027,0.497403889894
10.0,-15.0,15.0,0.560977578163,0.483506053686,0.478343516588
15.0,-15.0,10.0,0.558803856373,0.508360266685,0.464709639549
15.0,-15.0,15.0,0.569891214371,0.516254961491,0.44554412365
10.0,-15.0,20.0,0.594422280788,0.473367601633,0.487593322992
10.0,-15.0,25.0,0.58853328228,0.512652277946,0.422975033522
15.0,-15.0,20.0,0.609748482704,0.490673869848,0.464031428099
15.0,-15.0,25.0,0.593796253204,0.526775121689,0.389825582504
10.0,-15.0,30.0,0.545468091965,0.517232894897,0.380138963461
10.0,-15.0,35.0,0.552260041237,0.548880934715,0.392201036215
15.0,-15.0,30.0,0.588625967503,0.544719576836,0.349295854568
15.0,-15.0,35.0,0.550336539745,0.578663349152,0.361898899078
10.0,-10.0,0.0,0.505013763905,0.487613350153,0.510919213295
10.0,-10.0,5.0,0.544340848923,0.528156757355,0.497312545776
10.0,-5.0,0.0,0.504023969173,0.566053509712,0.477809280157
10.0,-5.0,5.0,0.529665708542,0.584748923779,0.441732943058
15.0,-10.0,0.0,0.492131739855,0.529625475407,0.511822640896
15.0,-10.0,5.0,0.564311504364,0.566863834858,0.460881531239
15.0,-5.0,0.0,0.488263636827,0.597790598869,0.481348127127
15.0,-5.0,5.0,0.534350574017,0.605995476246,0.437629491091
10.0,-10.0,10.0,0.55244410038,0.500195384026,0.450881153345
10.0,-10.0,15.0,0.566310167313,0.530812740326,0.396928042173
10.0,-5.0,10.0,0.55203127861,0.555599629879,0.420251339674
10.0,-5.0,15.0,0.588794767857,0.575809180737,0.369769513607
15.0,-10.0,10.0,0.551941931248,0.556688427925,0.440484732389
15.0,-10.0,15.0,0.558764636517,0.586103796959,0.390110194683
15.0,-5.0,10.0,0.536143302917,0.593926370144,0.434050023556
15.0,-5.0,15.0,0.581626176834,0.659920215607,0.388688772917
10.0,-10.0,20.0,0.585781097412,0.561643540859,0.383751511574
10.0,-10.0,25.0,0.588429093361,0.569717109203,0.352463245392
10.0,-5.0,20.0,0.593317449093,0.618310153484,0.340342223644
10.0,-5.0,25.0,0.606196582317,0.619104743004,0.311485886574
15.0,-10.0,20.0,0.595004975796,0.561499118805,0.394201368093
15.0,-10.0,25.0,0.621151089668,0.550288081169,0.347434222698
15.0,-5.0,20.0,0.59156280756,0.636990904808,0.349263131618
15.0,-5.0,25.0,0.605625092983,0.607075452805,0.328549355268
10.0,-10.0,30.0,0.60805952549,0.569150090218,0.366670966148
10.0,-10.0,35.0,0.627744555473,0.585125029087,0.424600601196
10.0,-5.0,30.0,0.642696380615,0.635580897331,0.349176228046
10.0,-5.0,35.0,0.642615675926,0.636848926544,0.403162002563
15.0,-10.0,30.0,0.630529642105,0.561682164669,0.345085859299
15.0,-10.0,35.0,0.595172584057,0.601246058941,0.350021123886
15.0,-5.0,30.0,0.647439062595,0.566691160202,0.305109649897
15.0,-5.0,35.0,0.617728173733,0.60041064024,0.372854053974
20.0,-15.0,0.0,0.542279779911,0.505730867386,0.453968852758
20.0,-15.0,5.0,0.551229953766,0.544091761112,0.464319884777
25.0,-15.0,0.0,0.525702893734,0.536948144436,0.51064658165
25.0,-15.0,5.0,0.559049904346,0.553551197052,0.480466455221
20.0,-15.0,10.0,0.579266786575,0.526944339275,0.442018568516
20.0,-15.0,15.0,0.564179003239,0.536748409271,0.448060005903
25.0,-15.0,10.0,0.61031639576,0.525632917881,0.424445092678
25.0,-15.0,15.0,0.595556974411,0.526831805706,0.423110842705
20.0,-15.0,20.0,0.583620429039,0.480529755354,0.44254732132
20.0,-15.0,25.0,0.567825675011,0.503970682621,0.386860668659
25.0,-15.0,20.0,0.547189354897,0.523033678532,0.444091498852
25.0,-15.0,25.0,0.520776867867,0.505380809307,0.419722944498
20.0,-15.0,30.0,0.59520149231,0.558693706989,0.359130740166
20.0,-15.0,35.0,0.606404542923,0.583662569523,0.337850570679
25.0,-15.0,30.0,0.614591419697,0.595516622066,0.37640696764
25.0,-15.0,35.0,0.625220537186,0.6043446064,0.34988540411
20.0,-10.0,0.0,0.519119441509,0.601828932762,0.47305431962
20.0,-10.0,5.0,0.520136237144,0.615223288536,0.455347210169
20.0,-5.0,0.0,0.503500759602,0.634383678436,0.445039480925
20.0,-5.0,5.0,0.487672328949,0.636639654636,0.438103497028
25.0,-10.0,0.0,0.518817782402,0.580889284611,0.505969941616
25.0,-10.0,5.0,0.527547180653,0.608020722866,0.489388078451
25.0,-5.0,0.0,0.515652418137,0.626075088978,0.476394712925
25.0,-5.0,5.0,0.532148838043,0.607495486736,0.441012859344
20.0,-10.0,10.0,0.549056470394,0.586346209049,0.427242070436
20.0,-10.0,15.0,0.545567333698,0.577180206776,0.438097596169
20.0,-5.0,10.0,0.519001960754,0.644645392895,0.438151687384
20.0,-5.0,15.0,0.546148955822,0.61421918869,0.440675199032
25.0,-10.0,10.0,0.553177535534,0.580263733864,0.438785493374
25.0,-10.0,15.0,0.557561099529,0.550755977631,0.445676267147
25.0,-5.0,10.0,0.529323279858,0.624923408031,0.447816669941
25.0,-5.0,15.0,0.528820991516,0.579317092896,0.478817820549
20.0,-10.0,20.0,0.568710148335,0.546325087547,0.415012478828
20.0,-10.0,25.0,0.6075938344,0.55747961998,0.403117716312
20.0,-5.0,20.0,0.561049818993,0.596113443375,0.403804957867
20.0,-5.0,25.0,0.589155912399,0.614621520042,0.379453867674
25.0,-10.0,20.0,0.534200549126,0.581437528133,0.438854038715
25.0,-10.0,25.0,0.586041510105,0.574723601341,0.438969492912
25.0,-5.0,20.0,0.580020666122,0.605188310146,0.433776974678
25.0,-5.0,25.0,0.600429713726,0.625041544437,0.4006536901
20.0,-10.0,30.0,0.616494238377,0.582856476307,0.337493598461
20.0,-10.0,35.0,0.634192109108,0.600786089897,0.320490777493
20.0,-5.0,30.0,0.614121794701,0.612623274326,0.35535004735
20.0,-5.0,35.0,0.598395109177,0.647265315056,0.353063434362
25.0,-10.0,30.0,0.630928456783,0.616113901138,0.391271144152
25.0,-10.0,35.0,0.621695041656,0.59976965189,0.352751910686
25.0,-5.0,30.0,0.647105097771,0.658274352551,0.378832995892
25.0,-5.0,35.0,0.593278050423,0.657959759235,0.380817860365
30.0,-15.0,0.0,0.491888940334,0.579823970795,0.4756937325
30.0,-15.0,5.0,0.544159591198,0.568863987923,0.44977286458
35.0,-15.0,0.0,0.495562762022,0.647977232933,0.441711217165
35.0,-15.0,5.0,0.549281895161,0.639139354229,0.425112247467
30.0,-15.0,10.0,0.57105666399,0.574810743332,0.454870671034
30.0,-15.0,15.0,0.597074747086,0.563621878624,0.421102195978
35.0,-15.0,10.0,0.571303963661,0.629513144493,0.420125514269
35.0,-15.0,15.0,0.554476797581,0.617220103741,0.466716885567
30.0,-15.0,20.0,0.547633588314,0.573401153088,0.416022568941
30.0,-15.0,25.0,0.562960147858,0.606673359871,0.404486835003
35.0,-15.0,20.0,0.51994740963,0.553371727467,0.411725997925
35.0,-15.0,25.0,0.552392065525,0.605079293251,0.422424674034
30.0,-15.0,30.0,0.597852170467,0.653043746948,0.370753705502
30.0,-15.0,35.0,0.589233934879,0.629272699356,0.364457726479
35.0,-15.0,30.0,0.579638600349,0.652071833611,0.388852357864
35.0,-15.0,35.0,0.571416795254,0.623394489288,0.392406642437
30.0,-10.0,0.0,0.507534623146,0.575667917728,0.483038604259
30.0,-10.0,5.0,0.546816170216,0.615717172623,0.462138533592
30.0,-5.0,0.0,0.476290732622,0.590955495834,0.493243843317
30.0,-5.0,5.0,0.546440422535,0.621911466122,0.461891412735
35.0,-10.0,0.0,0.505414545536,0.610723495483,0.447372913361
35.0,-10.0,5.0,0.52662062645,0.646868109703,0.421236097813
35.0,-5.0,0.0,0.493504166603,0.636006832123,0.465134382248
35.0,-5.0,5.0,0.528679490089,0.632383704185,0.428850471973
30.0,-10.0,10.0,0.550213456154,0.606888055801,0.438256859779
30.0,-10.0,15.0,0.537493765354,0.581492781639,0.433694988489
30.0,-5.0,10.0,0.510048031807,0.635314643383,0.422143578529
30.0,-5.0,15.0,0.522067904472,0.640714228153,0.420394778252
35.0,-10.0,10.0,0.537417531013,0.65218937397,0.445582866669
35.0,-10.0,15.0,0.540642380714,0.662998080254,0.436085283756
35.0,-5.0,10.0,0.482176482677,0.606525182724,0.435836553574
35.0,-5.0,15.0,0.524442017078,0.646582186222,0.399607777596
30.0,-10.0,20.0,0.565357089043,0.582707703114,0.473811268806
30.0,-10.0,25.0,0.586529791355,0.613914430141,0.438038408756
30.0,-5.0,20.0,0.576559305191,0.642092525959,0.417329668999
30.0,-5.0,25.0,0.593186676502,0.651643812656,0.410537540913
35.0,-10.0,20.0,0.531325817108,0.611331224442,0.436883479357
35.0,-10.0,25.0,0.568210601807,0.623646140099,0.419266462326
35.0,-5.0,20.0,0.553009569645,0.627118647099,0.401947796345
35.0,-5.0,25.0,0.544647574425,0.658983826637,0.43176484108
30.0,-10.0,30.0,0.598961532116,0.668477535248,0.394201815128
30.0,-10.0,35.0,0.582606554031,0.666647434235,0.367016732693
30.0,-5.0,30.0,0.607207238674,0.68211710453,0.406971871853
30.0,-5.0,35.0,0.576365053654,0.652835607529,0.381540089846
35.0,-10.0,30.0,0.596017062664,0.635838270187,0.404371887445
35.0,-10.0,35.0,0.560116946697,0.649526834488,0.386458694935
35.0,-5.0,30.0,0.550621926785,0.624334037304,0.407736003399
35.0,-5.0,35.0,0.562388300896,0.633072376251,0.400183588266
0.0,0.0,-35.0,0.475891023874,0.310104548931,0.704023718834
0.0,5.0,-35.0,0.471116185188,0.360592842102,0.665166437626
5.0,0.0,-35.0,0.473196089268,0.393976569176,0.674060881138
5.0,5.0,-35.0,0.466175973415,0.438530862331,0.652543187141
0.0,0.0,-30.0,0.44545802474,0.360945463181,0.670548796654
0.0,0.0,-25.0,0.430346310139,0.35784804821,0.673544883728
0.0,5.0,-30.0,0.436587870121,0.425260901451,0.618477463722
0.0,5.0,-25.0,0.437824934721,0.420513451099,0.634640336037
5.0,0.0,-30.0,0.47987523675,0.424243271351,0.696762561798
5.0,0.0,-25.0,0.4900649786,0.413075327873,0.703553080559
5.0,5.0,-30.0,0.467772096395,0.424708813429,0.641712725163
5.0,5.0,-25.0,0.462944030762,0.439018189907,0.65959841013
0.0,0.0,-20.0,0.468203991652,0.335364252329,0.677651762962
0.0,0.0,-15.0,0.452116191387,0.381732016802,0.646719634533
0.0,5.0,-20.0,0.449536800385,0.405886143446,0.6355022192
0.0,5.0,-15.0,0.472773343325,0.444391906261,0.618875563145
5.0,0.0,-20.0,0.480825394392,0.442137718201,0.667945146561
5.0,0.0,-15.0,0.470387130976,0.472491145134,0.632173597813
5.0,5.0,-20.0,0.471693992615,0.481138527393,0.59273993969
5.0,5.0,-15.0,0.45897436142,0.511706531048,0.573507189751
0.0,0.0,-10.0,0.453925967216,0.390025526285,0.636028945446
0.0,0.0,-5.0,0.477549850941,0.423054724932,0.599756419659
0.0,5.0,-10.0,0.473767787218,0.483401030302,0.592118918896
0.0,5.0,-5.0,0.484137058258,0.532717704773,0.468601435423
5.0,0.0,-10.0,0.492024123669,0.522049963474,0.585348129272
5.0,0.0,-5.0,0.466363728046,0.572502553463,0.502250015736
5.0,5.0,-10.0,0.482164919376,0.562813520432,0.494387149811
5.0,5.0,-5.0,0.483208596706,0.608292341232,0.410477936268
0.0,10.0,-35.0,0.459593564272,0.368008852005,0.66810053587
0.0,15.0,-35.0,0.49891525507,0.430730044842,0.666699945927
5.0,10.0,-35.0,0.456372916698,0.447848558426,0.611325979233
5.0,15.0,-35.0,0.459801822901,0.475013941526,0.591882228851
0.0,10.0,-30.0,0.480049222708,0.449950873852,0.660022854805
0.0,10.0,-25.0,0.462367802858,0.482753872871,0.65033018589
0.0,15.0,-30.0,0.49528503418,0.463651657104,0.600548028946
0.0,15.0,-25.0,0.467901647091,0.503062486649,0.585162401199
5.0,10.0,-30.0,0.475309282541,0.461911737919,0.629513442516
5.0,10.0,-25.0,0.44190326333,0.476781696081,0.633922934532
5.0,15.0,-30.0,0.469015598297,0.534941017628,0.540117919445
5.0,15.0,-25.0,0.451200187206,0.544082462788,0.546624958515
0.0,10.0,-20.0,0.464563518763,0.47339951992,0.60927772522
0.0,10.0,-15.0,0.483683764935,0.492940306664,0.537953019142
0.0,15.0,-20.0,0.451880216599,0.535875856876,0.536364793777
0.0,15.0,-15.0,0.47871991992,0.560121178627,0.468083173037
5.0,10.0,-20.0,0.466709971428,0.513852357864,0.541555047035
5.0,10.0,-15.0,0.49852052331,0.580761551857,0.466387838125
5.0,15.0,-20.0,0.465656995773,0.568041920662,0.472872287035
5.0,15.0,-15.0,0.478449314833,0.59714704752,0.405041277409
0.0,10.0,-10.0,0.480830043554,0.536617457867,0.462234377861
0.0,10.0,-5.0,0.488240361214,0.587547302246,0.395470529795
0.0,15.0,-10.0,0.47895103693,0.560007989407,0.375426352024
0.0,15.0,-5.0,0.474580347538,0.59813606739,0.365145176649
5.0,10.0,-10.0,0.489352583885,0.596726775169,0.403296798468
5.0,10.0,-5.0,0.476084381342,0.628536820412,0.379560321569
5.0,15.0,-10.0,0.469356149435,0.653211891651,0.390805482864
5.0,15.0,-5.0,0.482694149017,0.64853322506,0.376679986715
10.0,0.0,-35.0,0.46785864234,0.47289866209,0.685375154018
10.0,5.0,-35.0,0.488489717245,0.467895299196,0.62429022789
15.0,0.0,-35.0,0.498263120651,0.507444322109,0.688532114029
15.0,5.0,-35.0,0.506796181202,0.515651226044,0.601664483547
10.0,0.0,-30.0,0.479606240988,0.480676859617,0.680018126965
10.0,0.0,-25.0,0.496955931187,0.483193069696,0.659876704216
10.0,5.0,-30.0,0.464259177446,0.488846421242,0.623109102249
10.0,5.0,-25.0,0.482224732637,0.477899640799,0.612435519695
15.0,0.0,-30.0,0.477230131626,0.539669930935,0.644120693207
15.0,0.0,-25.0,0.450012266636,0.529824793339,0.621321201324
15.0,5.0,-30.0,0.465406835079,0.515668749809,0.557559549809
15.0,5.0,-25.0,0.436759442091,0.506494224072,0.570493400097
10.0,0.0,-20.0,0.5131508708,0.545990467072,0.62476348877
10.0,0.0,-15.0,0.476327359676,0.551657617092,0.581534266472
10.0,5.0,-20.0,0.475381314754,0.546808302402,0.56785261631
10.0,5.0,-15.0,0.47341889143,0.563815236092,0.484691560268
15.0,0.0,-20.0,0.502553582191,0.581178545952,0.527729928493
15.0,0.0,-15.0,0.471116632223,0.601237118244,0.511224627495
15.0,5.0,-20.0,0.463549792767,0.582369029522,0.517961382866
15.0,5.0,-15.0,0.46980202198,0.625155329704,0.432289272547
10.0,0.0,-10.0,0.460031747818,0.590237975121,0.502869307995
10.0,0.0,-5.0,0.471480995417,0.628936648369,0.438982188702
10.0,5.0,-10.0,0.456083834171,0.589569747448,0.435687720776
10.0,5.0,-5.0,0.457863420248,0.667983829975,0.358490496874
15.0,0.0,-10.0,0.466713935137,0.61111676693,0.456231832504
15.0,0.0,-5.0,0.465512871742,0.67783588171,0.443052500486
15.0,5.0,-10.0,0.462168067694,0.624829411507,0.399413645267
15.0,5.0,-5.0,0.434998989105,0.695319890976,0.377399623394
10.0,10.0,-35.0,0.466821461916,0.479949474335,0.58372938633
10.0,15.0,-35.0,0.447773724794,0.509684562683,0.54235625267
15.0,10.0,-35.0,0.517577886581,0.537951588631,0.51369869709
15.0,15.0,-35.0,0.490122228861,0.542624413967,0.512011528015
10.0,10.0,-30.0,0.459760993719,0.506441056728,0.597056150436
10.0,10.0,-25.0,0.472730606794,0.531099796295,0.577039539814
10.0,15.0,-30.0,0.467510014772,0.584419488907,0.537477791309
10.0,15.0,-25.0,0.49112701416,0.599519848824,0.499858230352
15.0,10.0,-30.0,0.490099042654,0.512497663498,0.476037681103
15.0,10.0,-25.0,0.457855969667,0.54008191824,0.509791612625
15.0,15.0,-30.0,0.505018174648,0.622210800648,0.46264103055
15.0,15.0,-25.0,0.533921778202,0.618102073669,0.470187187195
10.0,10.0,-20.0,0.48364675045,0.569586277008,0.496916055679
10.0,10.0,-15.0,0.515195012093,0.637530744076,0.425899773836
10.0,15.0,-20.0,0.49241489172,0.573182940483,0.466977417469
10.0,15.0,-15.0,0.507173120975,0.629523813725,0.362277686596
15.0,10.0,-20.0,0.479241937399,0.602250158787,0.448614925146
15.0,10.0,-15.0,0.489165723324,0.644824683666,0.384982764721
15.0,15.0,-20.0,0.493048369884,0.620024859905,0.405466616154
15.0,15.0,-15.0,0.51570224762,0.653848826885,0.364431321621
10.0,10.0,-10.0,0.489520281553,0.626158297062,0.401870310307
10.0,10.0,-5.0,0.472803771496,0.680538594723,0.34851026535
10.0,15.0,-10.0,0.470724970102,0.642835319042,0.379584461451
10.0,15.0,-5.0,0.468767255545,0.665395081043,0.381310582161
15.0,10.0,-10.0,0.486026078463,0.666053116322,0.369392096996
15.0,10.0,-5.0,0.460833281279,0.734044194221,0.333941161633
15.0,15.0,-10.0,0.487358391285,0.685519218445,0.362337738276
15.0,15.0,-5.0,0.470275461674,0.718205332756,0.370974361897
20.0,0.0,-35.0,0.531272888184,0.56331050396,0.649257063866
20.0,5.0,-35.0,0.511555790901,0.520865142345,0.573013544083
25.0,0.0,-35.0,0.498698771,0.588351845741,0.560949981213
25.0,5.0,-35.0,0.468704134226,0.553607821465,0.527814090252
20.0,0.0,-30.0,0.47906935215,0.571610450745,0.58697527647
20.0,0.0,-25.0,0.468250125647,0.543762087822,0.538275718689
20.0,5.0,-30.0,0.407010853291,0.511809766293,0.508148908615
20.0,5.0,-25.0,0.408461421728,0.521859526634,0.521304786205
25.0,0.0,-30.0,0.42582449317,0.560079574585,0.522807717323
25.0,0.0,-25.0,0.445294588804,0.584556162357,0.503654837608
25.0,5.0,-30.0,0.436305969954,0.552446782589,0.500476837158
25.0,5.0,-25.0,0.439984589815,0.588423252106,0.475346803665
20.0,0.0,-20.0,0.456871509552,0.606462180614,0.503531515598
20.0,0.0,-15.0,0.497959524393,0.646231770515,0.487646758556
20.0,5.0,-20.0,0.431793689728,0.606147229671,0.478549182415
20.0,5.0,-15.0,0.438499122858,0.635577559471,0.427646070719
25.0,0.0,-20.0,0.415061175823,0.610144138336,0.486130088568
25.0,0.0,-15.0,0.466922104359,0.640002667904,0.440038889647
25.0,5.0,-20.0,0.432311832905,0.602252721786,0.43789049983
25.0,5.0,-15.0,0.436576247215,0.642682254314,0.397463023663
20.0,0.0,-10.0,0.463646799326,0.673675894737,0.430942296982
20.0,0.0,-5.0,0.46091195941,0.680668950081,0.454625815153
20.0,5.0,-10.0,0.436715424061,0.665620088577,0.375975966454
20.0,5.0,-5.0,0.394767701626,0.685317635536,0.440995156765
25.0,0.0,-10.0,0.47161090374,0.696801900864,0.404457300901
25.0,0.0,-5.0,0.475064843893,0.692223191261,0.465120643377
25.0,5.0,-10.0,0.438930541277,0.703237175941,0.360932767391
25.0,5.0,-5.0,0.404901355505,0.756596922874,0.425143182278
20.0,10.0,-35.0,0.493289649487,0.579298913479,0.507900476456
20.0,15.0,-35.0,0.508104979992,0.621436655521,0.461233794689
25.0,10.0,-35.0,0.495124220848,0.600041151047,0.5068770051
25.0,15.0,-35.0,0.515368580818,0.642966270447,0.44463673234
20.0,10.0,-30.0,0.477095037699,0.563345551491,0.483539372683
20.0,10.0,-25.0,0.426905065775,0.552501797676,0.500784337521
20.0,15.0,-30.0,0.53418982029,0.635001838207,0.470180392265
20.0,15.0,-25.0,0.486989438534,0.585773289204,0.42841899395
25.0,10.0,-30.0,0.456905007362,0.615744650364,0.510067045689
25.0,10.0,-25.0,0.458310246468,0.582806646824,0.462866455317
25.0,15.0,-30.0,0.505257248878,0.648758709431,0.425980240107
25.0,15.0,-25.0,0.499760061502,0.613211393356,0.423980414867
20.0,10.0,-20.0,0.464291214943,0.601521134377,0.433971226215
20.0,10.0,-15.0,0.450341314077,0.642861366272,0.361927270889
20.0,15.0,-20.0,0.494500309229,0.624627947807,0.399075359106
20.0,15.0,-15.0,0.503864943981,0.668199658394,0.357894718647
25.0,10.0,-20.0,0.438433200121,0.577676653862,0.406337410212
25.0,10.0,-15.0,0.401168495417,0.63855278492,0.363183438778
25.0,15.0,-20.0,0.498079091311,0.613883376122,0.409302353859
25.0,15.0,-15.0,0.480915665627,0.672360181808,0.342207312584
20.0,10.0,-10.0,0.433639466763,0.692851126194,0.310251653194
20.0,10.0,-5.0,0.438700139523,0.759520053864,0.388265073299
20.0,15.0,-10.0,0.472181469202,0.687284708023,0.331075131893
20.0,15.0,-5.0,0.48375171423,0.742262840271,0.343187749386
25.0,10.0,-10.0,0.39276984334,0.687093377113,0.31389015913
25.0,10.0,-5.0,0.4293153584,0.76151740551,0.3794708848
25.0,15.0,-10.0,0.432471811771,0.704076170921,0.328745782375
25.0,15.0,-5.0,0.452864170074,0.767990112305,0.324318766594
30.0,0.0,-35.0,0.485241532326,0.60413479805,0.511417150497
30.0,5.0,-35.0,0.466179579496,0.601203322411,0.48989507556
35.0,0.0,-35.0,0.51605284214,0.628038346767,0.514664411545
35.0,5.0,-35.0,0.480969518423,0.595667004585,0.516251683235
30.0,0.0,-30.0,0.476995289326,0.613662838936,0.51465511322
30.0,0.0,-25.0,0.496139168739,0.650506615639,0.503424584866
30.0,5.0,-30.0,0.446500480175,0.620195388794,0.462097018957
30.0,5.0,-25.0,0.469900876284,0.650774717331,0.453626006842
35.0,0.0,-30.0,0.545716047287,0.684715747833,0.500206589699
35.0,0.0,-25.0,0.513278126717,0.656562149525,0.45824739337
35.0,5.0,-30.0,0.491033017635,0.65476334095,0.481631755829
35.0,5.0,-25.0,0.476261109114,0.653349399567,0.423529088497
30.0,0.0,-20.0,0.455927878618,0.625016510487,0.432853758335
30.0,0.0,-15.0,0.469185739756,0.645048439503,0.43495285511
30.0,5.0,-20.0,0.47081258893,0.603110849857,0.399118572474
30.0,5.0,-15.0,0.462703824043,0.612531900406,0.401470661163
35.0,0.0,-20.0,0.448708176613,0.663685560226,0.407994568348
35.0,0.0,-15.0,0.45208838582,0.672083973885,0.416228860617
35.0,5.0,-20.0,0.439858078957,0.649864494801,0.350646674633
35.0,5.0,-15.0,0.442191302776,0.686338186264,0.386077344418
30.0,0.0,-10.0,0.469547748566,0.735312998295,0.431618899107
30.0,0.0,-5.0,0.427572786808,0.712395846844,0.461487799883
30.0,5.0,-10.0,0.445242553949,0.702773213387,0.39732915163
30.0,5.0,-5.0,0.419353485107,0.74473285675,0.428976118565
35.0,0.0,-10.0,0.426027089357,0.689505457878,0.459718257189
35.0,0.0,-5.0,0.452634245157,0.684765934944,0.471396684647
35.0,5.0,-10.0,0.421368777752,0.705281615257,0.418920874596
35.0,5.0,-5.0,0.398776471615,0.695139527321,0.443780750036
30.0,10.0,-35.0,0.448416560888,0.581185936928,0.465772718191
30.0,15.0,-35.0,0.467587828636,0.617793679237,0.43492475152
35.0,10.0,-35.0,0.467207282782,0.614363968372,0.439468860626
35.0,15.0,-35.0,0.47349613905,0.592744708061,0.433042943478
30.0,10.0,-30.0,0.460422754288,0.611370444298,0.44046959281
30.0,10.0,-25.0,0.483542472124,0.637096047401,0.411815226078
30.0,15.0,-30.0,0.476040422916,0.637751996517,0.367458939552
30.0,15.0,-25.0,0.474951833487,0.639033675194,0.378980755806
35.0,10.0,-30.0,0.465607404709,0.630393147469,0.432828128338
35.0,10.0,-25.0,0.482336550951,0.642924547195,0.418800443411
35.0,15.0,-30.0,0.440558314323,0.599152088165,0.380016028881
35.0,15.0,-25.0,0.440760910511,0.643761098385,0.375139296055
30.0,10.0,-20.0,0.465846598148,0.63603579998,0.393926411867
30.0,10.0,-15.0,0.445339441299,0.666917204857,0.362102538347
30.0,15.0,-20.0,0.467968821526,0.657179653645,0.365514338017
30.0,15.0,-15.0,0.481839537621,0.675143122673,0.336566209793
35.0,10.0,-20.0,0.477260738611,0.66760468483,0.376251876354
35.0,10.0,-15.0,0.434531033039,0.673332870007,0.347806662321
35.0,15.0,-20.0,0.484306305647,0.655580461025,0.350100040436
35.0,15.0,-15.0,0.477209806442,0.695045828819,0.329384326935
30.0,10.0,-10.0,0.420393526554,0.712573826313,0.365951538086
30.0,10.0,-5.0,0.394273579121,0.737184762955,0.363807380199
30.0,15.0,-10.0,0.427689909935,0.709556400776,0.34958845377
30.0,15.0,-5.0,0.378614723682,0.801384329796,0.342567145824
35.0,10.0,-10.0,0.387661129236,0.693806290627,0.392822623253
35.0,10.0,-5.0,0.396929949522,0.739643931389,0.443839162588
35.0,15.0,-10.0,0.408673048019,0.739404439926,0.396598160267
35.0,15.0,-5.0,0.400502234697,0.801114141941,0.38753375411
0.0,0.0,0.0,0.5,0.5,0.5
0.0,0.0,5.0,0.568127632141,0.582889020443,0.421043664217
0.0,5.0,0.0,0.4959179461,0.593706190586,0.418379515409
0.0,5.0,5.0,0.519435822964,0.642571210861,0.375058412552
5.0,0.0,0.0,0.480759382248,0.630132436752,0.453898668289
5.0,0.0,5.0,0.555339515209,0.626393318176,0.382702082396
5.0,5.0,0.0,0.484135568142,0.687421262264,0.361787587404
5.0,5.0,5.0,0.530675292015,0.696060597897,0.322325885296
0.0,0.0,10.0,0.587794244289,0.612213969231,0.424323111773
0.0,0.0,15.0,0.596033453941,0.647433042526,0.399611115456
0.0,5.0,10.0,0.559650301933,0.645754158497,0.367853522301
0.0,5.0,15.0,0.572807013988,0.667648971081,0.362135231495
5.0,0.0,10.0,0.582592785358,0.643384575844,0.358743906021
5.0,0.0,15.0,0.597912669182,0.654225111008,0.380058407784
5.0,5.0,10.0,0.572869300842,0.663567006588,0.311447530985
5.0,5.0,15.0,0.585112631321,0.639480352402,0.334365427494
0.0,0.0,20.0,0.589172422886,0.649818301201,0.394640058279
0.0,0.0,25.0,0.634543657303,0.670174956322,0.418270051479
0.0,5.0,20.0,0.610471010208,0.659546673298,0.372756361961
0.0,5.0,25.0,0.610507428646,0.697748184204,0.363006949425
5.0,0.0,20.0,0.603284358978,0.640404999256,0.384219199419
5.0,0.0,25.0,0.605503559113,0.667343318462,0.385138809681
5.0,5.0,20.0,0.569412112236,0.679365992546,0.317306429148
5.0,5.0,25.0,0.601886987686,0.708854913712,0.333600401878
0.0,0.0,30.0,0.619503736496,0.678491473198,0.392106831074
0.0,0.0,35.0,0.580229818821,0.689337491989,0.360132873058
0.0,5.0,30.0,0.591557383537,0.700652420521,0.384907513857
0.0,5.0,35.0,0.595924198627,0.7058634758,0.353077530861
5.0,0.0,30.0,0.607016324997,0.70348829031,0.384666919708
5.0,0.0,35.0,0.592054307461,0.70614951849,0.408282101154
5.0,5.0,30.0,0.590258002281,0.677383542061,0.376759469509
5.0,5.0,35.0,0.59005266428,0.686605572701,0.37877458334
0.0,10.0,0.0,0.512262523174,0.628883838654,0.418777823448
0.0,10.0,5.0,0.492981791496,0.652228593826,0.367623507977
0.0,15.0,0.0,0.503928601742,0.635107398033,0.399881631136
0.0,15.0,5.0,0.469950407743,0.655111372471,0.366005063057
5.0,10.0,0.0,0.508648395538,0.663946866989,0.378700762987
5.0,10.0,5.0,0.535523951054,0.689252436161,0.325207829475
5.0,15.0,0.0,0.51998770237,0.653745830059,0.367665231228
5.0,15.0,5.0,0.495055496693,0.677081465721,0.305236965418
0.0,10.0,10.0,0.497292876244,0.674473106861,0.365628540516
0.0,10.0,15.0,0.543945848942,0.686045885086,0.354463577271
0.0,15.0,10.0,0.477721363306,0.655561566353,0.364311397076
0.0,15.0,15.0,0.53695744276,0.669404566288,0.363178372383
5.0,10.0,10.0,0.528621912003,0.683926105499,0.287563979626
5.0,10.0,15.0,0.525885343552,0.647777736187,0.325085937977
5.0,15.0,10.0,0.515307366848,0.677033245564,0.302216827869
5.0,15.0,15.0,0.496510893106,0.644313454628,0.32689923048
0.0,10.0,20.0,0.572579026222,0.668505311012,0.354030191898
0.0,10.0,25.0,0.595464229584,0.682572305202,0.365141272545
0.0,15.0,20.0,0.537305295467,0.660478711128,0.328571140766
0.0,15.0,25.0,0.530763328075,0.660382688046,0.369760066271
5.0,10.0,20.0,0.553332030773,0.698506653309,0.320570617914
5.0,10.0,25.0,0.587877750397,0.71527659893,0.276551097631
5.0,15.0,20.0,0.517787456512,0.686649262905,0.307548105717
5.0,15.0,25.0,0.541229665279,0.67894744873,0.321506500244
0.0,10.0,30.0,0.57275056839,0.689882099628,0.364133238792
0.0,10.0,35.0,0.632578730583,0.669071793556,0.373784989119
0.0,15.0,30.0,0.563276231289,0.67147731781,0.360940486193
0.0,15.0,35.0,0.611040234566,0.660089612007,0.37724417448
5.0,10.0,30.0,0.576060891151,0.693094491959,0.325271755457
5.0,10.0,35.0,0.597943842411,0.651058018208,0.337354719639
5.0,15.0,30.0,0.540767252445,0.686469912529,0.344207108021
5.0,15.0,35.0,0.556772530079,0.674464941025,0.330267488956
10.0,0.0,0.0,0.476614177227,0.645863652229,0.451057761908
10.0,0.0,5.0,0.527181148529,0.665948629379,0.400704681873
10.0,5.0,0.0,0.467780262232,0.73977035284,0.378496229649
10.0,5.0,5.0,0.512198090553,0.764978408813,0.326232671738
15.0,0.0,0.0,0.47140994668,0.658786356449,0.455938249826
15.0,0.0,5.0,0.526545584202,0.673600077629,0.402474164963
15.0,5.0,0.0,0.440856844187,0.752742290497,0.384158015251
15.0,5.0,5.0,0.507006645203,0.767152786255,0.35552752018
10.0,0.0,10.0,0.57232862711,0.644139647484,0.37269037962
10.0,0.0,15.0,0.593754410744,0.654304921627,0.379021286964
10.0,5.0,10.0,0.580325722694,0.702553510666,0.299836784601
10.0,5.0,15.0,0.579728603363,0.687022447586,0.295425772667
15.0,0.0,10.0,0.564424932003,0.691650867462,0.34842145443
15.0,0.0,15.0,0.56400001049,0.680615663528,0.366504848003
15.0,5.0,10.0,0.544024944305,0.76278501749,0.292360365391
15.0,5.0,15.0,0.592114567757,0.728125035763,0.265135705471
10.0,0.0,20.0,0.606851637363,0.66509103775,0.336833804846
10.0,0.0,25.0,0.619275152683,0.645536482334,0.348715394735
10.0,5.0,20.0,0.618485152721,0.673959136009,0.309927582741
10.0,5.0,25.0,0.615924715996,0.677955806255,0.332235395908
15.0,0.0,20.0,0.60296946764,0.658071160316,0.336059302092
15.0,0.0,25.0,0.621189057827,0.66711050272,0.33153796196
15.0,5.0,20.0,0.637607634068,0.640174984932,0.323435008526
15.0,5.0,25.0,0.643690228462,0.657398104668,0.343494594097
10.0,0.0,30.0,0.59652608633,0.674248278141,0.365100830793
10.0,0.0,35.0,0.620827674866,0.685105741024,0.393788635731
10.0,5.0,30.0,0.614334762096,0.646186590195,0.366616666317
10.0,5.0,35.0,0.604831814766,0.668012142181,0.350717812777
15.0,0.0,30.0,0.615131676197,0.63463139534,0.357841640711
15.0,0.0,35.0,0.601437449455,0.631122708321,0.392704129219
15.0,5.0,30.0,0.627856314182,0.644075036049,0.367870092392
15.0,5.0,35.0,0.588442921638,0.641214430332,0.324408233166
10.0,10.0,0.0,0.479992032051,0.723696947098,0.325943231583
10.0,10.0,5.0,0.523401856422,0.734768688679,0.282260894775
10.0,15.0,0.0,0.478303521872,0.699209690094,0.357415139675
10.0,15.0,5.0,0.525915384293,0.715355098248,0.339490890503
15.0,10.0,0.0,0.450259745121,0.798565745354,0.327947705984
15.0,10.0,5.0,0.493541508913,0.796420097351,0.322686940432
15.0,15.0,0.0,0.473367810249,0.756584882736,0.351037830114
15.0,15.0,5.0,0.512471735477,0.782519996166,0.334280699492
10.0,10.0,10.0,0.538916945457,0.728634119034,0.292365700006
10.0,10.0,15.0,0.535521507263,0.714782953262,0.271219104528
10.0,15.0,10.0,0.525553762913,0.722602844238,0.300832211971
10.0,15.0,15.0,0.538905084133,0.686168968678,0.268561124802
15.0,10.0,10.0,0.527776420116,0.77041220665,0.280644237995
15.0,10.0,15.0,0.585166692734,0.77442073822,0.267197400331
15.0,15.0,10.0,0.532385885715,0.720848202705,0.298720419407
15.0,15.0,15.0,0.563094198704,0.724550426006,0.249257475138
10.0,10.0,20.0,0.579913198948,0.67266368866,0.312610507011
10.0,10.0,25.0,0.606728672981,0.652257919312,0.280853360891
10.0,15.0,20.0,0.517772853374,0.669459700584,0.274622142315
10.0,15.0,25.0,0.514439404011,0.663149118423,0.267306476831
15.0,10.0,20.0,0.624640822411,0.688725590706,0.30199432373
15.0,10.0,25.0,0.651108086109,0.659941792488,0.315939605236
15.0,15.0,20.0,0.571350693703,0.703780114651,0.258986473083
15.0,15.0,25.0,0.548170387745,0.683941781521,0.293534338474
10.0,10.0,30.0,0.594720721245,0.639780879021,0.310939788818
10.0,10.0,35.0,0.608522891998,0.650426506996,0.29328340292
10.0,15.0,30.0,0.508823275566,0.653382837772,0.313995361328
10.0,15.0,35.0,0.568070352077,0.652457296848,0.297584891319
15.0,10.0,30.0,0.630429208279,0.659925818443,0.310004532337
15.0,10.0,35.0,0.601441562176,0.659327208996,0.302353590727
15.0,15.0,30.0,0.516477763653,0.656801044941,0.294916808605
15.0,15.0,35.0,0.565786659718,0.675594687462,0.289393931627
20.0,0.0,0.0,0.476005345583,0.678747296333,0.45753121376
20.0,0.0,5.0,0.510030031204,0.678620934486,0.396620333195
20.0,5.0,0.0,0.424700379372,0.729607462883,0.422729730606
20.0,5.0,5.0,0.50539290905,0.735154569149,0.369383186102
25.0,0.0,0.0,0.476941972971,0.663059532642,0.489077091217
25.0,0.0,5.0,0.52619689703,0.656546235085,0.40158700943
25.0,5.0,0.0,0.433158278465,0.72856426239,0.424528449774
25.0,5.0,5.0,0.494773060083,0.730317413807,0.387451589108
20.0,0.0,10.0,0.53742057085,0.687800467014,0.393415749073
20.0,0.0,15.0,0.551866710186,0.639777421951,0.412984967232
20.0,5.0,10.0,0.528910756111,0.789892792702,0.379131287336
20.0,5.0,15.0,0.549027085304,0.737463235855,0.313242286444
25.0,0.0,10.0,0.563837110996,0.649373531342,0.41042676568
25.0,0.0,15.0,0.565817177296,0.670946955681,0.394254237413
25.0,5.0,10.0,0.550623416901,0.781084775925,0.373310923576
25.0,5.0,15.0,0.555057883263,0.747491061687,0.325270235538
20.0,0.0,20.0,0.589978635311,0.645883977413,0.359893649817
20.0,0.0,25.0,0.603026330471,0.685544490814,0.364152908325
20.0,5.0,20.0,0.586126506329,0.684235990047,0.323149502277
20.0,5.0,25.0,0.627169907093,0.684588670731,0.331352740526
25.0,0.0,20.0,0.61713373661,0.671964287758,0.341533362865
25.0,0.0,25.0,0.615406811237,0.697711884975,0.37193402648
25.0,5.0,20.0,0.573896825314,0.719875097275,0.300783932209
25.0,5.0,25.0,0.591207563877,0.718148171902,0.301759362221
20.0,0.0,30.0,0.604047715664,0.648943126202,0.359426558018
20.0,0.0,35.0,0.628770589828,0.658992052078,0.344393253326
20.0,5.0,30.0,0.652449369431,0.654900431633,0.358358919621
20.0,5.0,35.0,0.629504740238,0.681555569172,0.321173161268
25.0,0.0,30.0,0.625823616982,0.700357735157,0.370389521122
25.0,0.0,35.0,0.63137447834,0.70217114687,0.355645745993
25.0,5.0,30.0,0.629514336586,0.722104072571,0.315876543522
25.0,5.0,35.0,0.628459215164,0.700894117355,0.341672360897
20.0,10.0,0.0,0.459342598915,0.780079126358,0.368044912815
20.0,10.0,5.0,0.474055826664,0.804185271263,0.345788240433
20.0,15.0,0.0,0.466215848923,0.760579168797,0.340133726597
20.0,15.0,5.0,0.457386255264,0.762849450111,0.318900287151
25.0,10.0,0.0,0.432246655226,0.778677344322,0.371740281582
25.0,10.0,5.0,0.469893783331,0.788695335388,0.386379301548
25.0,15.0,0.0,0.497499734163,0.809242367744,0.332047879696
25.0,15.0,5.0,0.477438777685,0.834286093712,0.31843483448
20.0,10.0,10.0,0.527755439281,0.808781266212,0.303258210421
20.0,10.0,15.0,0.56588602066,0.768745303154,0.269416958094
20.0,15.0,10.0,0.499700665474,0.76980984211,0.27017006278
20.0,15.0,15.0,0.568344891071,0.736669898033,0.244792193174
25.0,10.0,10.0,0.528620421886,0.823288738728,0.362768411636
25.0,10.0,15.0,0.551617562771,0.791846752167,0.298575818539
25.0,15.0,10.0,0.531800508499,0.851848721504,0.312981963158
25.0,15.0,15.0,0.553108513355,0.80715918541,0.290361136198
20.0,10.0,20.0,0.59634667635,0.71054983139,0.272451519966
20.0,10.0,25.0,0.618508040905,0.680349349976,0.294521450996
20.0,15.0,20.0,0.567487955093,0.740392506123,0.224023669958
20.0,15.0,25.0,0.562526762486,0.712337315083,0.260635435581
25.0,10.0,20.0,0.597235441208,0.777449905872,0.261632800102
25.0,10.0,25.0,0.586844086647,0.775716483593,0.243677467108
25.0,15.0,20.0,0.550037443638,0.767931699753,0.274113178253
25.0,15.0,25.0,0.577219545841,0.751135230064,0.251952886581
20.0,10.0,30.0,0.600225865841,0.688602149487,0.282676368952
20.0,10.0,35.0,0.638671875,0.659111082554,0.29003483057
20.0,15.0,30.0,0.540145933628,0.747655153275,0.26329189539
20.0,15.0,35.0,0.571322977543,0.679683089256,0.258754730225
25.0,10.0,30.0,0.586266636848,0.718742847443,0.235867410898
25.0,10.0,35.0,0.615122973919,0.691791057587,0.285036206245
25.0,15.0,30.0,0.592662394047,0.750231921673,0.248378932476
25.0,15.0,35.0,0.624444782734,0.683173775673,0.301000475883
30.0,0.0,0.0,0.467402279377,0.670562148094,0.467718064785
30.0,0.0,5.0,0.53395652771,0.65794479847,0.41083329916
30.0,5.0,0.0,0.432594835758,0.719649612904,0.432137280703
30.0,5.0,5.0,0.445482224226,0.719971060753,0.3556458354
35.0,0.0,0.0,0.485133439302,0.699897348881,0.453479081392
35.0,0.0,5.0,0.539632022381,0.68811583519,0.431521832943
35.0,5.0,0.0,0.44794484973,0.728112399578,0.468045175076
35.0,5.0,5.0,0.480341911316,0.706391870975,0.416614621878
30.0,0.0,10.0,0.560624778271,0.691161930561,0.420506864786
30.0,0.0,15.0,0.573505520821,0.702824056149,0.377807587385
30.0,5.0,10.0,0.520836830139,0.741475045681,0.37277752161
30.0,5.0,15.0,0.567478060722,0.712657809258,0.345615923405
35.0,0.0,10.0,0.524235904217,0.694422006607,0.411558866501
35.0,0.0,15.0,0.552891135216,0.694011390209,0.366422235966
35.0,5.0,10.0,0.52607768774,0.715284585953,0.363523483276
35.0,5.0,15.0,0.577009797096,0.722836911678,0.323761075735
30.0,0.0,20.0,0.59495306015,0.719452857971,0.322939038277
30.0,0.0,25.0,0.602101922035,0.684207558632,0.342189192772
30.0,5.0,20.0,0.547435939312,0.769988358021,0.283132731915
30.0,5.0,25.0,0.553602397442,0.7563778162,0.285086631775
35.0,0.0,20.0,0.56187081337,0.718403995037,0.359997391701
35.0,0.0,25.0,0.526541352272,0.653208613396,0.369815766811
35.0,5.0,20.0,0.538437485695,0.747246026993,0.321410417557
35.0,5.0,25.0,0.5058375597,0.721260488033,0.319785118103
30.0,0.0,30.0,0.582103073597,0.680126726627,0.373565644026
30.0,0.0,35.0,0.614333689213,0.673038601875,0.411013901234
30.0,5.0,30.0,0.611939132214,0.728684067726,0.32606652379
30.0,5.0,35.0,0.668559908867,0.634171843529,0.361085236073
35.0,0.0,30.0,0.53247487545,0.630646109581,0.403321772814
35.0,0.0,35.0,0.566626310349,0.603090465069,0.407268166542
35.0,5.0,30.0,0.553353786469,0.682637810707,0.374622941017
35.0,5.0,35.0,0.599975585938,0.61206227541,0.36353045702
30.0,10.0,0.0,0.445708632469,0.770280003548,0.378875881433
30.0,10.0,5.0,0.446975499392,0.780001461506,0.367112696171
30.0,15.0,0.0,0.441803634167,0.833901524544,0.35150077939
30.0,15.0,5.0,0.455624073744,0.836775779724,0.333069205284
35.0,10.0,0.0,0.425167560577,0.772458553314,0.432829856873
35.0,10.0,5.0,0.451465368271,0.764828920364,0.378515601158
35.0,15.0,0.0,0.412032723427,0.810574650764,0.356856048107
35.0,15.0,5.0,0.423713952303,0.787787914276,0.320345044136
30.0,10.0,10.0,0.501532435417,0.8133238554,0.364043354988
30.0,10.0,15.0,0.58334338665,0.760992705822,0.346441358328
30.0,15.0,10.0,0.51145452261,0.816981196404,0.348058342934
30.0,15.0,15.0,0.561912834644,0.773791432381,0.329306721687
35.0,10.0,10.0,0.512810885906,0.77571862936,0.312226653099
35.0,10.0,15.0,0.555378317833,0.742240905762,0.331636726856
35.0,15.0,10.0,0.475639730692,0.766241312027,0.326471537352
35.0,15.0,15.0,0.512076318264,0.767760157585,0.341611713171
30.0,10.0,20.0,0.557533323765,0.783397436142,0.278204113245
30.0,10.0,25.0,0.571754097939,0.825684845448,0.227780401707
30.0,15.0,20.0,0.543731331825,0.816802442074,0.282454818487
30.0,15.0,25.0,0.59247648716,0.802460670471,0.229091405869
35.0,10.0,20.0,0.509578287601,0.776581764221,0.325846135616
35.0,10.0,25.0,0.559529364109,0.78210914135,0.283101797104
35.0,15.0,20.0,0.571638822556,0.793209791183,0.336404621601
35.0,15.0,25.0,0.575504422188,0.815981864929,0.279371798038
30.0,10.0,30.0,0.606232225895,0.723623037338,0.23580750823
30.0,10.0,35.0,0.66372781992,0.644100487232,0.287540912628
30.0,15.0,30.0,0.612678408623,0.763625502586,0.256938576698
30.0,15.0,35.0,0.625268936157,0.67423760891,0.320091485977
35.0,10.0,30.0,0.574850320816,0.739576160908,0.28786227107
35.0,10.0,35.0,0.608575999737,0.664983212948,0.327460795641
35.0,15.0,30.0,0.566428661346,0.802116632462,0.28186699748
35.0,15.0,35.0,0.596275687218,0.691461324692,0.330961048603
